topic_id,indicator_label,Source,calendar,time_id,value,unit,geo_code,geo_label,sub_code,sub_label,detail,detail_fa
lf_lf_wb_t,Labour force population (ILO estimate) - male & female +15,World Bank (ILO estimate),gregorian,1990,"15,383,995.00",persons,IR,Iran,,,,
lf_lf_wb_t,Labour force population (ILO estimate) - male & female +15,World Bank (ILO estimate),gregorian,1991,"15,745,963.00",persons,IR,Iran,,,,
lf_lf_wb_t,Labour force population (ILO estimate) - male & female +15,World Bank (ILO estimate),gregorian,1992,"15,968,046.00",persons,IR,Iran,,,,
lf_lf_wb_t,Labour force population (ILO estimate) - male & female +15,World Bank (ILO estimate),gregorian,1993,"15,864,775.00",persons,IR,Iran,,,,
lf_lf_wb_t,Labour force population (ILO estimate) - male & female +15,World Bank (ILO estimate),gregorian,1994,"15,813,180.00",persons,IR,Iran,,,,
lf_lf_wb_t,Labour force population (ILO estimate) - male & female +15,World Bank (ILO estimate),gregorian,1995,"16,072,242.00",persons,IR,Iran,,,,
lf_lf_wb_t,Labour force population (ILO estimate) - male & female +15,World Bank (ILO estimate),gregorian,1996,"16,376,911.00",persons,IR,Iran,,,,
lf_lf_wb_t,Labour force population (ILO estimate) - male & female +15,World Bank (ILO estimate),gregorian,1997,"17,026,577.00",persons,IR,Iran,,,,
lf_lf_wb_t,Labour force population (ILO estimate) - male & female +15,World Bank (ILO estimate),gregorian,1998,"17,783,993.00",persons,IR,Iran,,,,
lf_lf_wb_t,Labour force population (ILO estimate) - male & female +15,World Bank (ILO estimate),gregorian,1999,"18,602,325.00",persons,IR,Iran,,,,
lf_lf_wb_t,Labour force population (ILO estimate) - male & female +15,World Bank (ILO estimate),gregorian,2000,"19,476,868.00",persons,IR,Iran,,,,
lf_lf_wb_t,Labour force population (ILO estimate) - male & female +15,World Bank (ILO estimate),gregorian,2001,"20,409,991.00",persons,IR,Iran,,,,
lf_lf_wb_t,Labour force population (ILO estimate) - male & female +15,World Bank (ILO estimate),gregorian,2002,"21,179,010.00",persons,IR,Iran,,,,
lf_lf_wb_t,Labour force population (ILO estimate) - male & female +15,World Bank (ILO estimate),gregorian,2003,"22,044,846.00",persons,IR,Iran,,,,
lf_lf_wb_t,Labour force population (ILO estimate) - male & female +15,World Bank (ILO estimate),gregorian,2004,"23,217,005.00",persons,IR,Iran,,,,
lf_lf_wb_t,Labour force population (ILO estimate) - male & female +15,World Bank (ILO estimate),gregorian,2005,"24,431,517.00",persons,IR,Iran,,,,
lf_lf_wb_t,Labour force population (ILO estimate) - male & female +15,World Bank (ILO estimate),gregorian,2006,"24,828,699.00",persons,IR,Iran,,,,
lf_lf_wb_t,Labour force population (ILO estimate) - male & female +15,World Bank (ILO estimate),gregorian,2007,"25,004,744.00",persons,IR,Iran,,,,
lf_lf_wb_t,Labour force population (ILO estimate) - male & female +15,World Bank (ILO estimate),gregorian,2008,"24,252,328.00",persons,IR,Iran,,,,
lf_lf_wb_t,Labour force population (ILO estimate) - male & female +15,World Bank (ILO estimate),gregorian,2009,"25,116,620.00",persons,IR,Iran,,,,
lf_lf_wb_t,Labour force population (ILO estimate) - male & female +15,World Bank (ILO estimate),gregorian,2010,"25,068,937.00",persons,IR,Iran,,,,
lf_lf_wb_t,Labour force population (ILO estimate) - male & female +15,World Bank (ILO estimate),gregorian,2011,"24,409,383.00",persons,IR,Iran,,,,
lf_lf_wb_t,Labour force population (ILO estimate) - male & female +15,World Bank (ILO estimate),gregorian,2012,"25,434,392.00",persons,IR,Iran,,,,
lf_lf_wb_t,Labour force population (ILO estimate) - male & female +15,World Bank (ILO estimate),gregorian,2013,"25,379,809.00",persons,IR,Iran,,,,
lf_lf_wb_t,Labour force population (ILO estimate) - male & female +15,World Bank (ILO estimate),gregorian,2014,"25,523,109.00",persons,IR,Iran,,,,
lf_lf_wb_t,Labour force population (ILO estimate) - male & female +15,World Bank (ILO estimate),gregorian,2015,"26,476,760.00",persons,IR,Iran,,,,
lf_lf_wb_t,Labour force population (ILO estimate) - male & female +15,World Bank (ILO estimate),gregorian,2016,"27,579,337.00",persons,IR,Iran,,,,
lf_lf_wb_t,Labour force population (ILO estimate) - male & female +15,World Bank (ILO estimate),gregorian,2017,"28,624,101.00",persons,IR,Iran,,,,
lf_lf_wb_t,Labour force population (ILO estimate) - male & female +15,World Bank (ILO estimate),gregorian,2018,"29,067,669.00",persons,IR,Iran,,,,
lf_lf_wb_t,Labour force population (ILO estimate) - male & female +15,World Bank (ILO estimate),gregorian,2019,"29,161,250.00",persons,IR,Iran,,,,
lf_lf_wb_t,Labour force population (ILO estimate) - male & female +15,World Bank (ILO estimate),gregorian,2020,"27,655,908.00",persons,IR,Iran,,,,
lf_lf_wb_t,Labour force population (ILO estimate) - male & female +15,World Bank (ILO estimate),gregorian,2021,"27,754,866.00",persons,IR,Iran,,,,
lf_lf_wb_t,Labour force population (ILO estimate) - male & female +15,World Bank (ILO estimate),gregorian,2022,"27,880,537.00",persons,IR,Iran,,,,
lf_lf_wb_t,Labour force population (ILO estimate) - male & female +15,World Bank (ILO estimate),gregorian,2023,"29,026,520.00",persons,IR,Iran,,,,
lf_lf_wb_t,Labour force population (ILO estimate) - male & female +15,World Bank (ILO estimate),gregorian,2024,"29,306,871.00",persons,IR,Iran,,,,
lf_lf_wb_t,Labour force population (ILO estimate) - male & female +15,World Bank (ILO estimate),gregorian,2025,"29,521,716.00",persons,IR,Iran,,,,
lf_pr_wb_t,Participation rate (ILO estimate) - male & female (+15) ,World Bank (ILO estimate),gregorian,1990,47.14,%,IR,Iran,,,,
lf_pr_wb_t,Participation rate (ILO estimate) - male & female (+15) ,World Bank (ILO estimate),gregorian,1991,46.78,%,IR,Iran,,,,
lf_pr_wb_t,Participation rate (ILO estimate) - male & female (+15) ,World Bank (ILO estimate),gregorian,1992,46.31,%,IR,Iran,,,,
lf_pr_wb_t,Participation rate (ILO estimate) - male & female (+15) ,World Bank (ILO estimate),gregorian,1993,45.80,%,IR,Iran,,,,
lf_pr_wb_t,Participation rate (ILO estimate) - male & female (+15) ,World Bank (ILO estimate),gregorian,1994,45.23,%,IR,Iran,,,,
lf_pr_wb_t,Participation rate (ILO estimate) - male & female (+15) ,World Bank (ILO estimate),gregorian,1995,44.60,%,IR,Iran,,,,
lf_pr_wb_t,Participation rate (ILO estimate) - male & female (+15) ,World Bank (ILO estimate),gregorian,1996,43.93,%,IR,Iran,,,,
lf_pr_wb_t,Participation rate (ILO estimate) - male & female (+15) ,World Bank (ILO estimate),gregorian,1997,43.93,%,IR,Iran,,,,
lf_pr_wb_t,Participation rate (ILO estimate) - male & female (+15) ,World Bank (ILO estimate),gregorian,1998,43.95,%,IR,Iran,,,,
lf_pr_wb_t,Participation rate (ILO estimate) - male & female (+15) ,World Bank (ILO estimate),gregorian,1999,44.01,%,IR,Iran,,,,
lf_pr_wb_t,Participation rate (ILO estimate) - male & female (+15) ,World Bank (ILO estimate),gregorian,2000,44.13,%,IR,Iran,,,,
lf_pr_wb_t,Participation rate (ILO estimate) - male & female (+15) ,World Bank (ILO estimate),gregorian,2001,44.33,%,IR,Iran,,,,
lf_pr_wb_t,Participation rate (ILO estimate) - male & female (+15) ,World Bank (ILO estimate),gregorian,2002,44.57,%,IR,Iran,,,,
lf_pr_wb_t,Participation rate (ILO estimate) - male & female (+15) ,World Bank (ILO estimate),gregorian,2003,44.96,%,IR,Iran,,,,
lf_pr_wb_t,Participation rate (ILO estimate) - male & female (+15) ,World Bank (ILO estimate),gregorian,2004,45.51,%,IR,Iran,,,,
lf_pr_wb_t,Participation rate (ILO estimate) - male & female (+15) ,World Bank (ILO estimate),gregorian,2005,46.12,%,IR,Iran,,,,
lf_pr_wb_t,Participation rate (ILO estimate) - male & female (+15) ,World Bank (ILO estimate),gregorian,2006,45.29,%,IR,Iran,,,,
lf_pr_wb_t,Participation rate (ILO estimate) - male & female (+15) ,World Bank (ILO estimate),gregorian,2007,44.43,%,IR,Iran,,,,
lf_pr_wb_t,Participation rate (ILO estimate) - male & female (+15) ,World Bank (ILO estimate),gregorian,2008,42.27,%,IR,Iran,,,,
lf_pr_wb_t,Participation rate (ILO estimate) - male & female (+15) ,World Bank (ILO estimate),gregorian,2009,43.03,%,IR,Iran,,,,
lf_pr_wb_t,Participation rate (ILO estimate) - male & female (+15) ,World Bank (ILO estimate),gregorian,2010,42.30,%,IR,Iran,,,,
lf_pr_wb_t,Participation rate (ILO estimate) - male & female (+15) ,World Bank (ILO estimate),gregorian,2011,40.62,%,IR,Iran,,,,
lf_pr_wb_t,Participation rate (ILO estimate) - male & female (+15) ,World Bank (ILO estimate),gregorian,2012,41.77,%,IR,Iran,,,,
lf_pr_wb_t,Participation rate (ILO estimate) - male & female (+15) ,World Bank (ILO estimate),gregorian,2013,41.15,%,IR,Iran,,,,
lf_pr_wb_t,Participation rate (ILO estimate) - male & female (+15) ,World Bank (ILO estimate),gregorian,2014,40.89,%,IR,Iran,,,,
lf_pr_wb_t,Participation rate (ILO estimate) - male & female (+15) ,World Bank (ILO estimate),gregorian,2015,41.94,%,IR,Iran,,,,
lf_pr_wb_t,Participation rate (ILO estimate) - male & female (+15) ,World Bank (ILO estimate),gregorian,2016,43.17,%,IR,Iran,,,,
lf_pr_wb_t,Participation rate (ILO estimate) - male & female (+15) ,World Bank (ILO estimate),gregorian,2017,44.24,%,IR,Iran,,,,
lf_pr_wb_t,Participation rate (ILO estimate) - male & female (+15) ,World Bank (ILO estimate),gregorian,2018,44.39,%,IR,Iran,,,,
lf_pr_wb_t,Participation rate (ILO estimate) - male & female (+15) ,World Bank (ILO estimate),gregorian,2019,44.03,%,IR,Iran,,,,
lf_pr_wb_t,Participation rate (ILO estimate) - male & female (+15) ,World Bank (ILO estimate),gregorian,2020,41.36,%,IR,Iran,,,,
lf_pr_wb_t,Participation rate (ILO estimate) - male & female (+15) ,World Bank (ILO estimate),gregorian,2021,41.04,%,IR,Iran,,,,
lf_pr_wb_t,Participation rate (ILO estimate) - male & female (+15) ,World Bank (ILO estimate),gregorian,2022,40.56,%,IR,Iran,,,,
lf_pr_wb_t,Participation rate (ILO estimate) - male & female (+15) ,World Bank (ILO estimate),gregorian,2023,41.52,%,IR,Iran,,,,
lf_pr_wb_t,Participation rate (ILO estimate) - male & female (+15) ,World Bank (ILO estimate),gregorian,2024,41.27,%,IR,Iran,,,,
lf_pr_wb_t,Participation rate (ILO estimate) - male & female (+15) ,World Bank (ILO estimate),gregorian,2025,40.97,%,IR,Iran,,,,
lf_pr_wb_f,Participation rate (ILO estimate) - female (+15) ,World Bank (ILO estimate),gregorian,1990,9.57,%,IR,Iran,,,,
lf_pr_wb_f,Participation rate (ILO estimate) - female (+15) ,World Bank (ILO estimate),gregorian,1991,9.77,%,IR,Iran,,,,
lf_pr_wb_f,Participation rate (ILO estimate) - female (+15) ,World Bank (ILO estimate),gregorian,1992,9.91,%,IR,Iran,,,,
lf_pr_wb_f,Participation rate (ILO estimate) - female (+15) ,World Bank (ILO estimate),gregorian,1993,10.05,%,IR,Iran,,,,
lf_pr_wb_f,Participation rate (ILO estimate) - female (+15) ,World Bank (ILO estimate),gregorian,1994,10.21,%,IR,Iran,,,,
lf_pr_wb_f,Participation rate (ILO estimate) - female (+15) ,World Bank (ILO estimate),gregorian,1995,10.40,%,IR,Iran,,,,
lf_pr_wb_f,Participation rate (ILO estimate) - female (+15) ,World Bank (ILO estimate),gregorian,1996,10.59,%,IR,Iran,,,,
lf_pr_wb_f,Participation rate (ILO estimate) - female (+15) ,World Bank (ILO estimate),gregorian,1997,11.30,%,IR,Iran,,,,
lf_pr_wb_f,Participation rate (ILO estimate) - female (+15) ,World Bank (ILO estimate),gregorian,1998,12.06,%,IR,Iran,,,,
lf_pr_wb_f,Participation rate (ILO estimate) - female (+15) ,World Bank (ILO estimate),gregorian,1999,12.85,%,IR,Iran,,,,
lf_pr_wb_f,Participation rate (ILO estimate) - female (+15) ,World Bank (ILO estimate),gregorian,2000,13.69,%,IR,Iran,,,,
lf_pr_wb_f,Participation rate (ILO estimate) - female (+15) ,World Bank (ILO estimate),gregorian,2001,14.58,%,IR,Iran,,,,
lf_pr_wb_f,Participation rate (ILO estimate) - female (+15) ,World Bank (ILO estimate),gregorian,2002,15.50,%,IR,Iran,,,,
lf_pr_wb_f,Participation rate (ILO estimate) - female (+15) ,World Bank (ILO estimate),gregorian,2003,16.49,%,IR,Iran,,,,
lf_pr_wb_f,Participation rate (ILO estimate) - female (+15) ,World Bank (ILO estimate),gregorian,2004,17.56,%,IR,Iran,,,,
lf_pr_wb_f,Participation rate (ILO estimate) - female (+15) ,World Bank (ILO estimate),gregorian,2005,18.68,%,IR,Iran,,,,
lf_pr_wb_f,Participation rate (ILO estimate) - female (+15) ,World Bank (ILO estimate),gregorian,2006,18.04,%,IR,Iran,,,,
lf_pr_wb_f,Participation rate (ILO estimate) - female (+15) ,World Bank (ILO estimate),gregorian,2007,17.01,%,IR,Iran,,,,
lf_pr_wb_f,Participation rate (ILO estimate) - female (+15) ,World Bank (ILO estimate),gregorian,2008,14.76,%,IR,Iran,,,,
lf_pr_wb_f,Participation rate (ILO estimate) - female (+15) ,World Bank (ILO estimate),gregorian,2009,15.69,%,IR,Iran,,,,
lf_pr_wb_f,Participation rate (ILO estimate) - female (+15) ,World Bank (ILO estimate),gregorian,2010,15.14,%,IR,Iran,,,,
lf_pr_wb_f,Participation rate (ILO estimate) - female (+15) ,World Bank (ILO estimate),gregorian,2011,13.60,%,IR,Iran,,,,
lf_pr_wb_f,Participation rate (ILO estimate) - female (+15) ,World Bank (ILO estimate),gregorian,2012,14.89,%,IR,Iran,,,,
lf_pr_wb_f,Participation rate (ILO estimate) - female (+15) ,World Bank (ILO estimate),gregorian,2013,13.34,%,IR,Iran,,,,
lf_pr_wb_f,Participation rate (ILO estimate) - female (+15) ,World Bank (ILO estimate),gregorian,2014,12.99,%,IR,Iran,,,,
lf_pr_wb_f,Participation rate (ILO estimate) - female (+15) ,World Bank (ILO estimate),gregorian,2015,14.36,%,IR,Iran,,,,
lf_pr_wb_f,Participation rate (ILO estimate) - female (+15) ,World Bank (ILO estimate),gregorian,2016,16.17,%,IR,Iran,,,,
lf_pr_wb_f,Participation rate (ILO estimate) - female (+15) ,World Bank (ILO estimate),gregorian,2017,17.36,%,IR,Iran,,,,
lf_pr_wb_f,Participation rate (ILO estimate) - female (+15) ,World Bank (ILO estimate),gregorian,2018,17.34,%,IR,Iran,,,,
lf_pr_wb_f,Participation rate (ILO estimate) - female (+15) ,World Bank (ILO estimate),gregorian,2019,16.81,%,IR,Iran,,,,
lf_pr_wb_f,Participation rate (ILO estimate) - female (+15) ,World Bank (ILO estimate),gregorian,2020,13.72,%,IR,Iran,,,,
lf_pr_wb_f,Participation rate (ILO estimate) - female (+15) ,World Bank (ILO estimate),gregorian,2021,13.09,%,IR,Iran,,,,
lf_pr_wb_f,Participation rate (ILO estimate) - female (+15) ,World Bank (ILO estimate),gregorian,2022,13.47,%,IR,Iran,,,,
lf_pr_wb_f,Participation rate (ILO estimate) - female (+15) ,World Bank (ILO estimate),gregorian,2023,14.13,%,IR,Iran,,,,
lf_pr_wb_f,Participation rate (ILO estimate) - female (+15) ,World Bank (ILO estimate),gregorian,2024,14.14,%,IR,Iran,,,,
lf_pr_wb_f,Participation rate (ILO estimate) - female (+15) ,World Bank (ILO estimate),gregorian,2025,14.01,%,IR,Iran,,,,
lf_pr_wb_m,Participation rate (ILO estimate) - male (+15) ,World Bank (ILO estimate),gregorian,1990,82.52,%,IR,Iran,,,,
lf_pr_wb_m,Participation rate (ILO estimate) - male (+15) ,World Bank (ILO estimate),gregorian,1991,81.71,%,IR,Iran,,,,
lf_pr_wb_m,Participation rate (ILO estimate) - male (+15) ,World Bank (ILO estimate),gregorian,1992,80.72,%,IR,Iran,,,,
lf_pr_wb_m,Participation rate (ILO estimate) - male (+15) ,World Bank (ILO estimate),gregorian,1993,79.63,%,IR,Iran,,,,
lf_pr_wb_m,Participation rate (ILO estimate) - male (+15) ,World Bank (ILO estimate),gregorian,1994,78.42,%,IR,Iran,,,,
lf_pr_wb_m,Participation rate (ILO estimate) - male (+15) ,World Bank (ILO estimate),gregorian,1995,77.11,%,IR,Iran,,,,
lf_pr_wb_m,Participation rate (ILO estimate) - male (+15) ,World Bank (ILO estimate),gregorian,1996,75.73,%,IR,Iran,,,,
lf_pr_wb_m,Participation rate (ILO estimate) - male (+15) ,World Bank (ILO estimate),gregorian,1997,75.17,%,IR,Iran,,,,
lf_pr_wb_m,Participation rate (ILO estimate) - male (+15) ,World Bank (ILO estimate),gregorian,1998,74.60,%,IR,Iran,,,,
lf_pr_wb_m,Participation rate (ILO estimate) - male (+15) ,World Bank (ILO estimate),gregorian,1999,74.07,%,IR,Iran,,,,
lf_pr_wb_m,Participation rate (ILO estimate) - male (+15) ,World Bank (ILO estimate),gregorian,2000,73.60,%,IR,Iran,,,,
lf_pr_wb_m,Participation rate (ILO estimate) - male (+15) ,World Bank (ILO estimate),gregorian,2001,73.21,%,IR,Iran,,,,
lf_pr_wb_m,Participation rate (ILO estimate) - male (+15) ,World Bank (ILO estimate),gregorian,2002,72.87,%,IR,Iran,,,,
lf_pr_wb_m,Participation rate (ILO estimate) - male (+15) ,World Bank (ILO estimate),gregorian,2003,72.64,%,IR,Iran,,,,
lf_pr_wb_m,Participation rate (ILO estimate) - male (+15) ,World Bank (ILO estimate),gregorian,2004,72.55,%,IR,Iran,,,,
lf_pr_wb_m,Participation rate (ILO estimate) - male (+15) ,World Bank (ILO estimate),gregorian,2005,72.52,%,IR,Iran,,,,
lf_pr_wb_m,Participation rate (ILO estimate) - male (+15) ,World Bank (ILO estimate),gregorian,2006,71.37,%,IR,Iran,,,,
lf_pr_wb_m,Participation rate (ILO estimate) - male (+15) ,World Bank (ILO estimate),gregorian,2007,70.65,%,IR,Iran,,,,
lf_pr_wb_m,Participation rate (ILO estimate) - male (+15) ,World Bank (ILO estimate),gregorian,2008,68.63,%,IR,Iran,,,,
lf_pr_wb_m,Participation rate (ILO estimate) - male (+15) ,World Bank (ILO estimate),gregorian,2009,69.30,%,IR,Iran,,,,
lf_pr_wb_m,Participation rate (ILO estimate) - male (+15) ,World Bank (ILO estimate),gregorian,2010,68.45,%,IR,Iran,,,,
lf_pr_wb_m,Participation rate (ILO estimate) - male (+15) ,World Bank (ILO estimate),gregorian,2011,66.70,%,IR,Iran,,,,
lf_pr_wb_m,Participation rate (ILO estimate) - male (+15) ,World Bank (ILO estimate),gregorian,2012,67.75,%,IR,Iran,,,,
lf_pr_wb_m,Participation rate (ILO estimate) - male (+15) ,World Bank (ILO estimate),gregorian,2013,68.04,%,IR,Iran,,,,
lf_pr_wb_m,Participation rate (ILO estimate) - male (+15) ,World Bank (ILO estimate),gregorian,2014,67.87,%,IR,Iran,,,,
lf_pr_wb_m,Participation rate (ILO estimate) - male (+15) ,World Bank (ILO estimate),gregorian,2015,68.63,%,IR,Iran,,,,
lf_pr_wb_m,Participation rate (ILO estimate) - male (+15) ,World Bank (ILO estimate),gregorian,2016,69.30,%,IR,Iran,,,,
lf_pr_wb_m,Participation rate (ILO estimate) - male (+15) ,World Bank (ILO estimate),gregorian,2017,70.27,%,IR,Iran,,,,
lf_pr_wb_m,Participation rate (ILO estimate) - male (+15) ,World Bank (ILO estimate),gregorian,2018,70.62,%,IR,Iran,,,,
lf_pr_wb_m,Participation rate (ILO estimate) - male (+15) ,World Bank (ILO estimate),gregorian,2019,70.43,%,IR,Iran,,,,
lf_pr_wb_m,Participation rate (ILO estimate) - male (+15) ,World Bank (ILO estimate),gregorian,2020,68.19,%,IR,Iran,,,,
lf_pr_wb_m,Participation rate (ILO estimate) - male (+15) ,World Bank (ILO estimate),gregorian,2021,68.21,%,IR,Iran,,,,
lf_pr_wb_m,Participation rate (ILO estimate) - male (+15) ,World Bank (ILO estimate),gregorian,2022,66.92,%,IR,Iran,,,,
lf_pr_wb_m,Participation rate (ILO estimate) - male (+15) ,World Bank (ILO estimate),gregorian,2023,68.18,%,IR,Iran,,,,
lf_pr_wb_m,Participation rate (ILO estimate) - male (+15) ,World Bank (ILO estimate),gregorian,2024,67.69,%,IR,Iran,,,,
lf_pr_wb_m,Participation rate (ILO estimate) - male (+15) ,World Bank (ILO estimate),gregorian,2025,67.24,%,IR,Iran,,,,
lf_pr_wb_t_15_64,Participation rate (ILO estimate) - male & female (15-64) ,World Bank (ILO estimate),gregorian,1990,48.04,%,IR,Iran,,,,
lf_pr_wb_t_15_64,Participation rate (ILO estimate) - male & female (15-64) ,World Bank (ILO estimate),gregorian,1991,47.82,%,IR,Iran,,,,
lf_pr_wb_t_15_64,Participation rate (ILO estimate) - male & female (15-64) ,World Bank (ILO estimate),gregorian,1992,47.38,%,IR,Iran,,,,
lf_pr_wb_t_15_64,Participation rate (ILO estimate) - male & female (15-64) ,World Bank (ILO estimate),gregorian,1993,46.91,%,IR,Iran,,,,
lf_pr_wb_t_15_64,Participation rate (ILO estimate) - male & female (15-64) ,World Bank (ILO estimate),gregorian,1994,46.37,%,IR,Iran,,,,
lf_pr_wb_t_15_64,Participation rate (ILO estimate) - male & female (15-64) ,World Bank (ILO estimate),gregorian,1995,45.76,%,IR,Iran,,,,
lf_pr_wb_t_15_64,Participation rate (ILO estimate) - male & female (15-64) ,World Bank (ILO estimate),gregorian,1996,45.10,%,IR,Iran,,,,
lf_pr_wb_t_15_64,Participation rate (ILO estimate) - male & female (15-64) ,World Bank (ILO estimate),gregorian,1997,45.16,%,IR,Iran,,,,
lf_pr_wb_t_15_64,Participation rate (ILO estimate) - male & female (15-64) ,World Bank (ILO estimate),gregorian,1998,45.24,%,IR,Iran,,,,
lf_pr_wb_t_15_64,Participation rate (ILO estimate) - male & female (15-64) ,World Bank (ILO estimate),gregorian,1999,45.36,%,IR,Iran,,,,
lf_pr_wb_t_15_64,Participation rate (ILO estimate) - male & female (15-64) ,World Bank (ILO estimate),gregorian,2000,45.54,%,IR,Iran,,,,
lf_pr_wb_t_15_64,Participation rate (ILO estimate) - male & female (15-64) ,World Bank (ILO estimate),gregorian,2001,45.79,%,IR,Iran,,,,
lf_pr_wb_t_15_64,Participation rate (ILO estimate) - male & female (15-64) ,World Bank (ILO estimate),gregorian,2002,46.12,%,IR,Iran,,,,
lf_pr_wb_t_15_64,Participation rate (ILO estimate) - male & female (15-64) ,World Bank (ILO estimate),gregorian,2003,46.60,%,IR,Iran,,,,
lf_pr_wb_t_15_64,Participation rate (ILO estimate) - male & female (15-64) ,World Bank (ILO estimate),gregorian,2004,47.23,%,IR,Iran,,,,
lf_pr_wb_t_15_64,Participation rate (ILO estimate) - male & female (15-64) ,World Bank (ILO estimate),gregorian,2005,47.93,%,IR,Iran,,,,
lf_pr_wb_t_15_64,Participation rate (ILO estimate) - male & female (15-64) ,World Bank (ILO estimate),gregorian,2006,47.12,%,IR,Iran,,,,
lf_pr_wb_t_15_64,Participation rate (ILO estimate) - male & female (15-64) ,World Bank (ILO estimate),gregorian,2007,46.31,%,IR,Iran,,,,
lf_pr_wb_t_15_64,Participation rate (ILO estimate) - male & female (15-64) ,World Bank (ILO estimate),gregorian,2008,44.15,%,IR,Iran,,,,
lf_pr_wb_t_15_64,Participation rate (ILO estimate) - male & female (15-64) ,World Bank (ILO estimate),gregorian,2009,44.94,%,IR,Iran,,,,
lf_pr_wb_t_15_64,Participation rate (ILO estimate) - male & female (15-64) ,World Bank (ILO estimate),gregorian,2010,44.36,%,IR,Iran,,,,
lf_pr_wb_t_15_64,Participation rate (ILO estimate) - male & female (15-64) ,World Bank (ILO estimate),gregorian,2011,42.71,%,IR,Iran,,,,
lf_pr_wb_t_15_64,Participation rate (ILO estimate) - male & female (15-64) ,World Bank (ILO estimate),gregorian,2012,44.01,%,IR,Iran,,,,
lf_pr_wb_t_15_64,Participation rate (ILO estimate) - male & female (15-64) ,World Bank (ILO estimate),gregorian,2013,43.45,%,IR,Iran,,,,
lf_pr_wb_t_15_64,Participation rate (ILO estimate) - male & female (15-64) ,World Bank (ILO estimate),gregorian,2014,43.34,%,IR,Iran,,,,
lf_pr_wb_t_15_64,Participation rate (ILO estimate) - male & female (15-64) ,World Bank (ILO estimate),gregorian,2015,44.57,%,IR,Iran,,,,
lf_pr_wb_t_15_64,Participation rate (ILO estimate) - male & female (15-64) ,World Bank (ILO estimate),gregorian,2016,46.02,%,IR,Iran,,,,
lf_pr_wb_t_15_64,Participation rate (ILO estimate) - male & female (15-64) ,World Bank (ILO estimate),gregorian,2017,47.31,%,IR,Iran,,,,
lf_pr_wb_t_15_64,Participation rate (ILO estimate) - male & female (15-64) ,World Bank (ILO estimate),gregorian,2018,47.58,%,IR,Iran,,,,
lf_pr_wb_t_15_64,Participation rate (ILO estimate) - male & female (15-64) ,World Bank (ILO estimate),gregorian,2019,47.37,%,IR,Iran,,,,
lf_pr_wb_t_15_64,Participation rate (ILO estimate) - male & female (15-64) ,World Bank (ILO estimate),gregorian,2020,44.69,%,IR,Iran,,,,
lf_pr_wb_t_15_64,Participation rate (ILO estimate) - male & female (15-64) ,World Bank (ILO estimate),gregorian,2021,44.49,%,IR,Iran,,,,
lf_pr_wb_t_15_64,Participation rate (ILO estimate) - male & female (15-64) ,World Bank (ILO estimate),gregorian,2022,44.09,%,IR,Iran,,,,
lf_pr_wb_t_15_64,Participation rate (ILO estimate) - male & female (15-64) ,World Bank (ILO estimate),gregorian,2023,45.30,%,IR,Iran,,,,
lf_pr_wb_t_15_64,Participation rate (ILO estimate) - male & female (15-64) ,World Bank (ILO estimate),gregorian,2024,45.19,%,IR,Iran,,,,
lf_pr_wb_t_15_64,Participation rate (ILO estimate) - male & female (15-64) ,World Bank (ILO estimate),gregorian,2025,45.02,%,IR,Iran,,,,
lf_pr_wb_f_15_64,Participation rate (ILO estimate) - female (15-64),World Bank (ILO estimate),gregorian,1990,9.97,%,IR,Iran,,,,
lf_pr_wb_f_15_64,Participation rate (ILO estimate) - female (15-64),World Bank (ILO estimate),gregorian,1991,10.20,%,IR,Iran,,,,
lf_pr_wb_f_15_64,Participation rate (ILO estimate) - female (15-64),World Bank (ILO estimate),gregorian,1992,10.36,%,IR,Iran,,,,
lf_pr_wb_f_15_64,Participation rate (ILO estimate) - female (15-64),World Bank (ILO estimate),gregorian,1993,10.54,%,IR,Iran,,,,
lf_pr_wb_f_15_64,Participation rate (ILO estimate) - female (15-64),World Bank (ILO estimate),gregorian,1994,10.74,%,IR,Iran,,,,
lf_pr_wb_f_15_64,Participation rate (ILO estimate) - female (15-64),World Bank (ILO estimate),gregorian,1995,10.95,%,IR,Iran,,,,
lf_pr_wb_f_15_64,Participation rate (ILO estimate) - female (15-64),World Bank (ILO estimate),gregorian,1996,11.18,%,IR,Iran,,,,
lf_pr_wb_f_15_64,Participation rate (ILO estimate) - female (15-64),World Bank (ILO estimate),gregorian,1997,11.93,%,IR,Iran,,,,
lf_pr_wb_f_15_64,Participation rate (ILO estimate) - female (15-64),World Bank (ILO estimate),gregorian,1998,12.73,%,IR,Iran,,,,
lf_pr_wb_f_15_64,Participation rate (ILO estimate) - female (15-64),World Bank (ILO estimate),gregorian,1999,13.57,%,IR,Iran,,,,
lf_pr_wb_f_15_64,Participation rate (ILO estimate) - female (15-64),World Bank (ILO estimate),gregorian,2000,14.46,%,IR,Iran,,,,
lf_pr_wb_f_15_64,Participation rate (ILO estimate) - female (15-64),World Bank (ILO estimate),gregorian,2001,15.39,%,IR,Iran,,,,
lf_pr_wb_f_15_64,Participation rate (ILO estimate) - female (15-64),World Bank (ILO estimate),gregorian,2002,16.37,%,IR,Iran,,,,
lf_pr_wb_f_15_64,Participation rate (ILO estimate) - female (15-64),World Bank (ILO estimate),gregorian,2003,17.43,%,IR,Iran,,,,
lf_pr_wb_f_15_64,Participation rate (ILO estimate) - female (15-64),World Bank (ILO estimate),gregorian,2004,18.56,%,IR,Iran,,,,
lf_pr_wb_f_15_64,Participation rate (ILO estimate) - female (15-64),World Bank (ILO estimate),gregorian,2005,19.75,%,IR,Iran,,,,
lf_pr_wb_f_15_64,Participation rate (ILO estimate) - female (15-64),World Bank (ILO estimate),gregorian,2006,19.07,%,IR,Iran,,,,
lf_pr_wb_f_15_64,Participation rate (ILO estimate) - female (15-64),World Bank (ILO estimate),gregorian,2007,18.01,%,IR,Iran,,,,
lf_pr_wb_f_15_64,Participation rate (ILO estimate) - female (15-64),World Bank (ILO estimate),gregorian,2008,15.66,%,IR,Iran,,,,
lf_pr_wb_f_15_64,Participation rate (ILO estimate) - female (15-64),World Bank (ILO estimate),gregorian,2009,16.52,%,IR,Iran,,,,
lf_pr_wb_f_15_64,Participation rate (ILO estimate) - female (15-64),World Bank (ILO estimate),gregorian,2010,16.08,%,IR,Iran,,,,
lf_pr_wb_f_15_64,Participation rate (ILO estimate) - female (15-64),World Bank (ILO estimate),gregorian,2011,14.49,%,IR,Iran,,,,
lf_pr_wb_f_15_64,Participation rate (ILO estimate) - female (15-64),World Bank (ILO estimate),gregorian,2012,15.91,%,IR,Iran,,,,
lf_pr_wb_f_15_64,Participation rate (ILO estimate) - female (15-64),World Bank (ILO estimate),gregorian,2013,14.29,%,IR,Iran,,,,
lf_pr_wb_f_15_64,Participation rate (ILO estimate) - female (15-64),World Bank (ILO estimate),gregorian,2014,13.97,%,IR,Iran,,,,
lf_pr_wb_f_15_64,Participation rate (ILO estimate) - female (15-64),World Bank (ILO estimate),gregorian,2015,15.49,%,IR,Iran,,,,
lf_pr_wb_f_15_64,Participation rate (ILO estimate) - female (15-64),World Bank (ILO estimate),gregorian,2016,17.49,%,IR,Iran,,,,
lf_pr_wb_f_15_64,Participation rate (ILO estimate) - female (15-64),World Bank (ILO estimate),gregorian,2017,18.84,%,IR,Iran,,,,
lf_pr_wb_f_15_64,Participation rate (ILO estimate) - female (15-64),World Bank (ILO estimate),gregorian,2018,18.85,%,IR,Iran,,,,
lf_pr_wb_f_15_64,Participation rate (ILO estimate) - female (15-64),World Bank (ILO estimate),gregorian,2019,18.33,%,IR,Iran,,,,
lf_pr_wb_f_15_64,Participation rate (ILO estimate) - female (15-64),World Bank (ILO estimate),gregorian,2020,15.01,%,IR,Iran,,,,
lf_pr_wb_f_15_64,Participation rate (ILO estimate) - female (15-64),World Bank (ILO estimate),gregorian,2021,14.38,%,IR,Iran,,,,
lf_pr_wb_f_15_64,Participation rate (ILO estimate) - female (15-64),World Bank (ILO estimate),gregorian,2022,14.85,%,IR,Iran,,,,
lf_pr_wb_f_15_64,Participation rate (ILO estimate) - female (15-64),World Bank (ILO estimate),gregorian,2023,15.65,%,IR,Iran,,,,
lf_pr_wb_f_15_64,Participation rate (ILO estimate) - female (15-64),World Bank (ILO estimate),gregorian,2024,15.73,%,IR,Iran,,,,
lf_pr_wb_f_15_64,Participation rate (ILO estimate) - female (15-64),World Bank (ILO estimate),gregorian,2025,15.65,%,IR,Iran,,,,
lf_pr_wb_m_15_64,Participation rate (ILO estimate) - male (15-64),World Bank (ILO estimate),gregorian,1990,83.55,%,IR,Iran,,,,
lf_pr_wb_m_15_64,Participation rate (ILO estimate) - male (15-64),World Bank (ILO estimate),gregorian,1991,82.98,%,IR,Iran,,,,
lf_pr_wb_m_15_64,Participation rate (ILO estimate) - male (15-64),World Bank (ILO estimate),gregorian,1992,82.01,%,IR,Iran,,,,
lf_pr_wb_m_15_64,Participation rate (ILO estimate) - male (15-64),World Bank (ILO estimate),gregorian,1993,80.95,%,IR,Iran,,,,
lf_pr_wb_m_15_64,Participation rate (ILO estimate) - male (15-64),World Bank (ILO estimate),gregorian,1994,79.75,%,IR,Iran,,,,
lf_pr_wb_m_15_64,Participation rate (ILO estimate) - male (15-64),World Bank (ILO estimate),gregorian,1995,78.44,%,IR,Iran,,,,
lf_pr_wb_m_15_64,Participation rate (ILO estimate) - male (15-64),World Bank (ILO estimate),gregorian,1996,77.04,%,IR,Iran,,,,
lf_pr_wb_m_15_64,Participation rate (ILO estimate) - male (15-64),World Bank (ILO estimate),gregorian,1997,76.57,%,IR,Iran,,,,
lf_pr_wb_m_15_64,Participation rate (ILO estimate) - male (15-64),World Bank (ILO estimate),gregorian,1998,76.09,%,IR,Iran,,,,
lf_pr_wb_m_15_64,Participation rate (ILO estimate) - male (15-64),World Bank (ILO estimate),gregorian,1999,75.64,%,IR,Iran,,,,
lf_pr_wb_m_15_64,Participation rate (ILO estimate) - male (15-64),World Bank (ILO estimate),gregorian,2000,75.26,%,IR,Iran,,,,
lf_pr_wb_m_15_64,Participation rate (ILO estimate) - male (15-64),World Bank (ILO estimate),gregorian,2001,74.96,%,IR,Iran,,,,
lf_pr_wb_m_15_64,Participation rate (ILO estimate) - male (15-64),World Bank (ILO estimate),gregorian,2002,74.73,%,IR,Iran,,,,
lf_pr_wb_m_15_64,Participation rate (ILO estimate) - male (15-64),World Bank (ILO estimate),gregorian,2003,74.62,%,IR,Iran,,,,
lf_pr_wb_m_15_64,Participation rate (ILO estimate) - male (15-64),World Bank (ILO estimate),gregorian,2004,74.63,%,IR,Iran,,,,
lf_pr_wb_m_15_64,Participation rate (ILO estimate) - male (15-64),World Bank (ILO estimate),gregorian,2005,74.70,%,IR,Iran,,,,
lf_pr_wb_m_15_64,Participation rate (ILO estimate) - male (15-64),World Bank (ILO estimate),gregorian,2006,73.62,%,IR,Iran,,,,
lf_pr_wb_m_15_64,Participation rate (ILO estimate) - male (15-64),World Bank (ILO estimate),gregorian,2007,73.02,%,IR,Iran,,,,
lf_pr_wb_m_15_64,Participation rate (ILO estimate) - male (15-64),World Bank (ILO estimate),gregorian,2008,71.13,%,IR,Iran,,,,
lf_pr_wb_m_15_64,Participation rate (ILO estimate) - male (15-64),World Bank (ILO estimate),gregorian,2009,71.91,%,IR,Iran,,,,
lf_pr_wb_m_15_64,Participation rate (ILO estimate) - male (15-64),World Bank (ILO estimate),gregorian,2010,71.29,%,IR,Iran,,,,
lf_pr_wb_m_15_64,Participation rate (ILO estimate) - male (15-64),World Bank (ILO estimate),gregorian,2011,69.65,%,IR,Iran,,,,
lf_pr_wb_m_15_64,Participation rate (ILO estimate) - male (15-64),World Bank (ILO estimate),gregorian,2012,70.87,%,IR,Iran,,,,
lf_pr_wb_m_15_64,Participation rate (ILO estimate) - male (15-64),World Bank (ILO estimate),gregorian,2013,71.35,%,IR,Iran,,,,
lf_pr_wb_m_15_64,Participation rate (ILO estimate) - male (15-64),World Bank (ILO estimate),gregorian,2014,71.46,%,IR,Iran,,,,
lf_pr_wb_m_15_64,Participation rate (ILO estimate) - male (15-64),World Bank (ILO estimate),gregorian,2015,72.41,%,IR,Iran,,,,
lf_pr_wb_m_15_64,Participation rate (ILO estimate) - male (15-64),World Bank (ILO estimate),gregorian,2016,73.37,%,IR,Iran,,,,
lf_pr_wb_m_15_64,Participation rate (ILO estimate) - male (15-64),World Bank (ILO estimate),gregorian,2017,74.64,%,IR,Iran,,,,
lf_pr_wb_m_15_64,Participation rate (ILO estimate) - male (15-64),World Bank (ILO estimate),gregorian,2018,75.17,%,IR,Iran,,,,
lf_pr_wb_m_15_64,Participation rate (ILO estimate) - male (15-64),World Bank (ILO estimate),gregorian,2019,75.29,%,IR,Iran,,,,
lf_pr_wb_m_15_64,Participation rate (ILO estimate) - male (15-64),World Bank (ILO estimate),gregorian,2020,73.25,%,IR,Iran,,,,
lf_pr_wb_m_15_64,Participation rate (ILO estimate) - male (15-64),World Bank (ILO estimate),gregorian,2021,73.47,%,IR,Iran,,,,
lf_pr_wb_m_15_64,Participation rate (ILO estimate) - male (15-64),World Bank (ILO estimate),gregorian,2022,72.27,%,IR,Iran,,,,
lf_pr_wb_m_15_64,Participation rate (ILO estimate) - male (15-64),World Bank (ILO estimate),gregorian,2023,73.89,%,IR,Iran,,,,
lf_pr_wb_m_15_64,Participation rate (ILO estimate) - male (15-64),World Bank (ILO estimate),gregorian,2024,73.60,%,IR,Iran,,,,
lf_pr_wb_m_15_64,Participation rate (ILO estimate) - male (15-64),World Bank (ILO estimate),gregorian,2025,73.35,%,IR,Iran,,,,
lf_pr_wb_t_y,Participation rate (ILO estimate) - male & female (15-24),World Bank (ILO estimate),gregorian,1990,37.97,%,IR,Iran,,,,
lf_pr_wb_t_y,Participation rate (ILO estimate) - male & female (15-24),World Bank (ILO estimate),gregorian,1991,37.30,%,IR,Iran,,,,
lf_pr_wb_t_y,Participation rate (ILO estimate) - male & female (15-24),World Bank (ILO estimate),gregorian,1992,36.11,%,IR,Iran,,,,
lf_pr_wb_t_y,Participation rate (ILO estimate) - male & female (15-24),World Bank (ILO estimate),gregorian,1993,34.96,%,IR,Iran,,,,
lf_pr_wb_t_y,Participation rate (ILO estimate) - male & female (15-24),World Bank (ILO estimate),gregorian,1994,33.77,%,IR,Iran,,,,
lf_pr_wb_t_y,Participation rate (ILO estimate) - male & female (15-24),World Bank (ILO estimate),gregorian,1995,32.54,%,IR,Iran,,,,
lf_pr_wb_t_y,Participation rate (ILO estimate) - male & female (15-24),World Bank (ILO estimate),gregorian,1996,31.29,%,IR,Iran,,,,
lf_pr_wb_t_y,Participation rate (ILO estimate) - male & female (15-24),World Bank (ILO estimate),gregorian,1997,31.57,%,IR,Iran,,,,
lf_pr_wb_t_y,Participation rate (ILO estimate) - male & female (15-24),World Bank (ILO estimate),gregorian,1998,31.86,%,IR,Iran,,,,
lf_pr_wb_t_y,Participation rate (ILO estimate) - male & female (15-24),World Bank (ILO estimate),gregorian,1999,32.16,%,IR,Iran,,,,
lf_pr_wb_t_y,Participation rate (ILO estimate) - male & female (15-24),World Bank (ILO estimate),gregorian,2000,32.49,%,IR,Iran,,,,
lf_pr_wb_t_y,Participation rate (ILO estimate) - male & female (15-24),World Bank (ILO estimate),gregorian,2001,32.85,%,IR,Iran,,,,
lf_pr_wb_t_y,Participation rate (ILO estimate) - male & female (15-24),World Bank (ILO estimate),gregorian,2002,33.24,%,IR,Iran,,,,
lf_pr_wb_t_y,Participation rate (ILO estimate) - male & female (15-24),World Bank (ILO estimate),gregorian,2003,33.71,%,IR,Iran,,,,
lf_pr_wb_t_y,Participation rate (ILO estimate) - male & female (15-24),World Bank (ILO estimate),gregorian,2004,34.25,%,IR,Iran,,,,
lf_pr_wb_t_y,Participation rate (ILO estimate) - male & female (15-24),World Bank (ILO estimate),gregorian,2005,34.82,%,IR,Iran,,,,
lf_pr_wb_t_y,Participation rate (ILO estimate) - male & female (15-24),World Bank (ILO estimate),gregorian,2006,33.21,%,IR,Iran,,,,
lf_pr_wb_t_y,Participation rate (ILO estimate) - male & female (15-24),World Bank (ILO estimate),gregorian,2007,31.54,%,IR,Iran,,,,
lf_pr_wb_t_y,Participation rate (ILO estimate) - male & female (15-24),World Bank (ILO estimate),gregorian,2008,29.00,%,IR,Iran,,,,
lf_pr_wb_t_y,Participation rate (ILO estimate) - male & female (15-24),World Bank (ILO estimate),gregorian,2009,29.59,%,IR,Iran,,,,
lf_pr_wb_t_y,Participation rate (ILO estimate) - male & female (15-24),World Bank (ILO estimate),gregorian,2010,28.99,%,IR,Iran,,,,
lf_pr_wb_t_y,Participation rate (ILO estimate) - male & female (15-24),World Bank (ILO estimate),gregorian,2011,26.49,%,IR,Iran,,,,
lf_pr_wb_t_y,Participation rate (ILO estimate) - male & female (15-24),World Bank (ILO estimate),gregorian,2012,27.41,%,IR,Iran,,,,
lf_pr_wb_t_y,Participation rate (ILO estimate) - male & female (15-24),World Bank (ILO estimate),gregorian,2013,26.04,%,IR,Iran,,,,
lf_pr_wb_t_y,Participation rate (ILO estimate) - male & female (15-24),World Bank (ILO estimate),gregorian,2014,24.73,%,IR,Iran,,,,
lf_pr_wb_t_y,Participation rate (ILO estimate) - male & female (15-24),World Bank (ILO estimate),gregorian,2015,25.06,%,IR,Iran,,,,
lf_pr_wb_t_y,Participation rate (ILO estimate) - male & female (15-24),World Bank (ILO estimate),gregorian,2016,26.41,%,IR,Iran,,,,
lf_pr_wb_t_y,Participation rate (ILO estimate) - male & female (15-24),World Bank (ILO estimate),gregorian,2017,27.61,%,IR,Iran,,,,
lf_pr_wb_t_y,Participation rate (ILO estimate) - male & female (15-24),World Bank (ILO estimate),gregorian,2018,27.22,%,IR,Iran,,,,
lf_pr_wb_t_y,Participation rate (ILO estimate) - male & female (15-24),World Bank (ILO estimate),gregorian,2019,26.03,%,IR,Iran,,,,
lf_pr_wb_t_y,Participation rate (ILO estimate) - male & female (15-24),World Bank (ILO estimate),gregorian,2020,22.31,%,IR,Iran,,,,
lf_pr_wb_t_y,Participation rate (ILO estimate) - male & female (15-24),World Bank (ILO estimate),gregorian,2021,21.77,%,IR,Iran,,,,
lf_pr_wb_t_y,Participation rate (ILO estimate) - male & female (15-24),World Bank (ILO estimate),gregorian,2022,22.27,%,IR,Iran,,,,
lf_pr_wb_t_y,Participation rate (ILO estimate) - male & female (15-24),World Bank (ILO estimate),gregorian,2023,22.89,%,IR,Iran,,,,
lf_pr_wb_t_y,Participation rate (ILO estimate) - male & female (15-24),World Bank (ILO estimate),gregorian,2024,22.67,%,IR,Iran,,,,
lf_pr_wb_t_y,Participation rate (ILO estimate) - male & female (15-24),World Bank (ILO estimate),gregorian,2025,22.55,%,IR,Iran,,,,
lf_pr_wb_f_y,Participation rate (ILO estimate) - female (15-24),World Bank (ILO estimate),gregorian,1990,12.47,%,IR,Iran,,,,
lf_pr_wb_f_y,Participation rate (ILO estimate) - female (15-24),World Bank (ILO estimate),gregorian,1991,12.44,%,IR,Iran,,,,
lf_pr_wb_f_y,Participation rate (ILO estimate) - female (15-24),World Bank (ILO estimate),gregorian,1992,12.05,%,IR,Iran,,,,
lf_pr_wb_f_y,Participation rate (ILO estimate) - female (15-24),World Bank (ILO estimate),gregorian,1993,11.68,%,IR,Iran,,,,
lf_pr_wb_f_y,Participation rate (ILO estimate) - female (15-24),World Bank (ILO estimate),gregorian,1994,11.31,%,IR,Iran,,,,
lf_pr_wb_f_y,Participation rate (ILO estimate) - female (15-24),World Bank (ILO estimate),gregorian,1995,10.96,%,IR,Iran,,,,
lf_pr_wb_f_y,Participation rate (ILO estimate) - female (15-24),World Bank (ILO estimate),gregorian,1996,10.61,%,IR,Iran,,,,
lf_pr_wb_f_y,Participation rate (ILO estimate) - female (15-24),World Bank (ILO estimate),gregorian,1997,11.17,%,IR,Iran,,,,
lf_pr_wb_f_y,Participation rate (ILO estimate) - female (15-24),World Bank (ILO estimate),gregorian,1998,11.75,%,IR,Iran,,,,
lf_pr_wb_f_y,Participation rate (ILO estimate) - female (15-24),World Bank (ILO estimate),gregorian,1999,12.36,%,IR,Iran,,,,
lf_pr_wb_f_y,Participation rate (ILO estimate) - female (15-24),World Bank (ILO estimate),gregorian,2000,12.99,%,IR,Iran,,,,
lf_pr_wb_f_y,Participation rate (ILO estimate) - female (15-24),World Bank (ILO estimate),gregorian,2001,13.66,%,IR,Iran,,,,
lf_pr_wb_f_y,Participation rate (ILO estimate) - female (15-24),World Bank (ILO estimate),gregorian,2002,14.35,%,IR,Iran,,,,
lf_pr_wb_f_y,Participation rate (ILO estimate) - female (15-24),World Bank (ILO estimate),gregorian,2003,15.07,%,IR,Iran,,,,
lf_pr_wb_f_y,Participation rate (ILO estimate) - female (15-24),World Bank (ILO estimate),gregorian,2004,15.82,%,IR,Iran,,,,
lf_pr_wb_f_y,Participation rate (ILO estimate) - female (15-24),World Bank (ILO estimate),gregorian,2005,16.60,%,IR,Iran,,,,
lf_pr_wb_f_y,Participation rate (ILO estimate) - female (15-24),World Bank (ILO estimate),gregorian,2006,15.44,%,IR,Iran,,,,
lf_pr_wb_f_y,Participation rate (ILO estimate) - female (15-24),World Bank (ILO estimate),gregorian,2007,14.15,%,IR,Iran,,,,
lf_pr_wb_f_y,Participation rate (ILO estimate) - female (15-24),World Bank (ILO estimate),gregorian,2008,12.10,%,IR,Iran,,,,
lf_pr_wb_f_y,Participation rate (ILO estimate) - female (15-24),World Bank (ILO estimate),gregorian,2009,12.47,%,IR,Iran,,,,
lf_pr_wb_f_y,Participation rate (ILO estimate) - female (15-24),World Bank (ILO estimate),gregorian,2010,12.23,%,IR,Iran,,,,
lf_pr_wb_f_y,Participation rate (ILO estimate) - female (15-24),World Bank (ILO estimate),gregorian,2011,10.44,%,IR,Iran,,,,
lf_pr_wb_f_y,Participation rate (ILO estimate) - female (15-24),World Bank (ILO estimate),gregorian,2012,11.42,%,IR,Iran,,,,
lf_pr_wb_f_y,Participation rate (ILO estimate) - female (15-24),World Bank (ILO estimate),gregorian,2013,9.64,%,IR,Iran,,,,
lf_pr_wb_f_y,Participation rate (ILO estimate) - female (15-24),World Bank (ILO estimate),gregorian,2014,8.60,%,IR,Iran,,,,
lf_pr_wb_f_y,Participation rate (ILO estimate) - female (15-24),World Bank (ILO estimate),gregorian,2015,9.60,%,IR,Iran,,,,
lf_pr_wb_f_y,Participation rate (ILO estimate) - female (15-24),World Bank (ILO estimate),gregorian,2016,10.98,%,IR,Iran,,,,
lf_pr_wb_f_y,Participation rate (ILO estimate) - female (15-24),World Bank (ILO estimate),gregorian,2017,12.25,%,IR,Iran,,,,
lf_pr_wb_f_y,Participation rate (ILO estimate) - female (15-24),World Bank (ILO estimate),gregorian,2018,11.97,%,IR,Iran,,,,
lf_pr_wb_f_y,Participation rate (ILO estimate) - female (15-24),World Bank (ILO estimate),gregorian,2019,11.09,%,IR,Iran,,,,
lf_pr_wb_f_y,Participation rate (ILO estimate) - female (15-24),World Bank (ILO estimate),gregorian,2020,7.98,%,IR,Iran,,,,
lf_pr_wb_f_y,Participation rate (ILO estimate) - female (15-24),World Bank (ILO estimate),gregorian,2021,7.99,%,IR,Iran,,,,
lf_pr_wb_f_y,Participation rate (ILO estimate) - female (15-24),World Bank (ILO estimate),gregorian,2022,8.06,%,IR,Iran,,,,
lf_pr_wb_f_y,Participation rate (ILO estimate) - female (15-24),World Bank (ILO estimate),gregorian,2023,9.32,%,IR,Iran,,,,
lf_pr_wb_f_y,Participation rate (ILO estimate) - female (15-24),World Bank (ILO estimate),gregorian,2024,9.33,%,IR,Iran,,,,
lf_pr_wb_f_y,Participation rate (ILO estimate) - female (15-24),World Bank (ILO estimate),gregorian,2025,9.33,%,IR,Iran,,,,
lf_pr_wb_m_y,Participation rate (ILO estimate) - male (15-24),World Bank (ILO estimate),gregorian,1990,62.00,%,IR,Iran,,,,
lf_pr_wb_m_y,Participation rate (ILO estimate) - male (15-24),World Bank (ILO estimate),gregorian,1991,60.78,%,IR,Iran,,,,
lf_pr_wb_m_y,Participation rate (ILO estimate) - male (15-24),World Bank (ILO estimate),gregorian,1992,58.87,%,IR,Iran,,,,
lf_pr_wb_m_y,Participation rate (ILO estimate) - male (15-24),World Bank (ILO estimate),gregorian,1993,56.92,%,IR,Iran,,,,
lf_pr_wb_m_y,Participation rate (ILO estimate) - male (15-24),World Bank (ILO estimate),gregorian,1994,54.96,%,IR,Iran,,,,
lf_pr_wb_m_y,Participation rate (ILO estimate) - male (15-24),World Bank (ILO estimate),gregorian,1995,52.98,%,IR,Iran,,,,
lf_pr_wb_m_y,Participation rate (ILO estimate) - male (15-24),World Bank (ILO estimate),gregorian,1996,50.99,%,IR,Iran,,,,
lf_pr_wb_m_y,Participation rate (ILO estimate) - male (15-24),World Bank (ILO estimate),gregorian,1997,51.15,%,IR,Iran,,,,
lf_pr_wb_m_y,Participation rate (ILO estimate) - male (15-24),World Bank (ILO estimate),gregorian,1998,51.31,%,IR,Iran,,,,
lf_pr_wb_m_y,Participation rate (ILO estimate) - male (15-24),World Bank (ILO estimate),gregorian,1999,51.47,%,IR,Iran,,,,
lf_pr_wb_m_y,Participation rate (ILO estimate) - male (15-24),World Bank (ILO estimate),gregorian,2000,51.63,%,IR,Iran,,,,
lf_pr_wb_m_y,Participation rate (ILO estimate) - male (15-24),World Bank (ILO estimate),gregorian,2001,51.79,%,IR,Iran,,,,
lf_pr_wb_m_y,Participation rate (ILO estimate) - male (15-24),World Bank (ILO estimate),gregorian,2002,51.95,%,IR,Iran,,,,
lf_pr_wb_m_y,Participation rate (ILO estimate) - male (15-24),World Bank (ILO estimate),gregorian,2003,52.11,%,IR,Iran,,,,
lf_pr_wb_m_y,Participation rate (ILO estimate) - male (15-24),World Bank (ILO estimate),gregorian,2004,52.27,%,IR,Iran,,,,
lf_pr_wb_m_y,Participation rate (ILO estimate) - male (15-24),World Bank (ILO estimate),gregorian,2005,52.43,%,IR,Iran,,,,
lf_pr_wb_m_y,Participation rate (ILO estimate) - male (15-24),World Bank (ILO estimate),gregorian,2006,50.21,%,IR,Iran,,,,
lf_pr_wb_m_y,Participation rate (ILO estimate) - male (15-24),World Bank (ILO estimate),gregorian,2007,48.12,%,IR,Iran,,,,
lf_pr_wb_m_y,Participation rate (ILO estimate) - male (15-24),World Bank (ILO estimate),gregorian,2008,45.15,%,IR,Iran,,,,
lf_pr_wb_m_y,Participation rate (ILO estimate) - male (15-24),World Bank (ILO estimate),gregorian,2009,45.99,%,IR,Iran,,,,
lf_pr_wb_m_y,Participation rate (ILO estimate) - male (15-24),World Bank (ILO estimate),gregorian,2010,45.08,%,IR,Iran,,,,
lf_pr_wb_m_y,Participation rate (ILO estimate) - male (15-24),World Bank (ILO estimate),gregorian,2011,41.94,%,IR,Iran,,,,
lf_pr_wb_m_y,Participation rate (ILO estimate) - male (15-24),World Bank (ILO estimate),gregorian,2012,42.78,%,IR,Iran,,,,
lf_pr_wb_m_y,Participation rate (ILO estimate) - male (15-24),World Bank (ILO estimate),gregorian,2013,41.77,%,IR,Iran,,,,
lf_pr_wb_m_y,Participation rate (ILO estimate) - male (15-24),World Bank (ILO estimate),gregorian,2014,40.16,%,IR,Iran,,,,
lf_pr_wb_m_y,Participation rate (ILO estimate) - male (15-24),World Bank (ILO estimate),gregorian,2015,39.84,%,IR,Iran,,,,
lf_pr_wb_m_y,Participation rate (ILO estimate) - male (15-24),World Bank (ILO estimate),gregorian,2016,41.14,%,IR,Iran,,,,
lf_pr_wb_m_y,Participation rate (ILO estimate) - male (15-24),World Bank (ILO estimate),gregorian,2017,42.28,%,IR,Iran,,,,
lf_pr_wb_m_y,Participation rate (ILO estimate) - male (15-24),World Bank (ILO estimate),gregorian,2018,41.78,%,IR,Iran,,,,
lf_pr_wb_m_y,Participation rate (ILO estimate) - male (15-24),World Bank (ILO estimate),gregorian,2019,40.29,%,IR,Iran,,,,
lf_pr_wb_m_y,Participation rate (ILO estimate) - male (15-24),World Bank (ILO estimate),gregorian,2020,35.97,%,IR,Iran,,,,
lf_pr_wb_m_y,Participation rate (ILO estimate) - male (15-24),World Bank (ILO estimate),gregorian,2021,34.90,%,IR,Iran,,,,
lf_pr_wb_m_y,Participation rate (ILO estimate) - male (15-24),World Bank (ILO estimate),gregorian,2022,35.80,%,IR,Iran,,,,
lf_pr_wb_m_y,Participation rate (ILO estimate) - male (15-24),World Bank (ILO estimate),gregorian,2023,35.82,%,IR,Iran,,,,
lf_pr_wb_m_y,Participation rate (ILO estimate) - male (15-24),World Bank (ILO estimate),gregorian,2024,35.35,%,IR,Iran,,,,
lf_pr_wb_m_y,Participation rate (ILO estimate) - male (15-24),World Bank (ILO estimate),gregorian,2025,35.13,%,IR,Iran,,,,
if_pr_wb_n_t,Participation rate  - male & female (+15) ,World Bank (national estimate),gregorian,2005,45.44,%,IR,Iran,,,,
if_pr_wb_n_t,Participation rate  - male & female (+15) ,World Bank (national estimate),gregorian,2006,44.57,%,IR,Iran,,,,
if_pr_wb_n_t,Participation rate  - male & female (+15) ,World Bank (national estimate),gregorian,2007,43.66,%,IR,Iran,,,,
if_pr_wb_n_t,Participation rate  - male & female (+15) ,World Bank (national estimate),gregorian,2008,41.44,%,IR,Iran,,,,
if_pr_wb_n_t,Participation rate  - male & female (+15) ,World Bank (national estimate),gregorian,2009,42.37,%,IR,Iran,,,,
if_pr_wb_n_t,Participation rate  - male & female (+15) ,World Bank (national estimate),gregorian,2010,41.60,%,IR,Iran,,,,
if_pr_wb_n_t,Participation rate  - male & female (+15) ,World Bank (national estimate),gregorian,2011,39.99,%,IR,Iran,,,,
if_pr_wb_n_t,Participation rate  - male & female (+15) ,World Bank (national estimate),gregorian,2012,40.56,%,IR,Iran,,,,
if_pr_wb_n_t,Participation rate  - male & female (+15) ,World Bank (national estimate),gregorian,2013,40.54,%,IR,Iran,,,,
if_pr_wb_n_t,Participation rate  - male & female (+15) ,World Bank (national estimate),gregorian,2014,40.23,%,IR,Iran,,,,
if_pr_wb_n_t,Participation rate  - male & female (+15) ,World Bank (national estimate),gregorian,2015,41.35,%,IR,Iran,,,,
if_pr_wb_n_t,Participation rate  - male & female (+15) ,World Bank (national estimate),gregorian,2016,42.59,%,IR,Iran,,,,
if_pr_wb_n_t,Participation rate  - male & female (+15) ,World Bank (national estimate),gregorian,2017,43.74,%,IR,Iran,,,,
if_pr_wb_n_t,Participation rate  - male & female (+15) ,World Bank (national estimate),gregorian,2018,44.03,%,IR,Iran,,,,
if_pr_wb_n_t,Participation rate  - male & female (+15) ,World Bank (national estimate),gregorian,2019,43.69,%,IR,Iran,,,,
if_pr_wb_n_t,Participation rate  - male & female (+15) ,World Bank (national estimate),gregorian,2020,40.95,%,IR,Iran,,,,
if_pr_wb_n_t,Participation rate  - male & female (+15) ,World Bank (national estimate),gregorian,2021,40.57,%,IR,Iran,,,,
if_pr_wb_n_t,Participation rate  - male & female (+15) ,World Bank (national estimate),gregorian,2022,40.53,%,IR,Iran,,,,
if_pr_wb_n_t,Participation rate  - male & female (+15) ,World Bank (national estimate),gregorian,2023,40.94,%,IR,Iran,,,,
if_pr_wb_n_t,Participation rate  - male & female (+15) ,World Bank (national estimate),gregorian,2024,40.71,%,IR,Iran,,,,
if_pr_wb_n_f,Participation rate  - female (+15) ,World Bank (national estimate),gregorian,2005,18.79,%,IR,Iran,,,,
if_pr_wb_n_f,Participation rate  - female (+15) ,World Bank (national estimate),gregorian,2005,18.79,%,IR,Iran,,,,
if_pr_wb_n_f,Participation rate  - female (+15) ,World Bank (national estimate),gregorian,2006,18.14,%,IR,Iran,,,,
if_pr_wb_n_f,Participation rate  - female (+15) ,World Bank (national estimate),gregorian,2007,17.09,%,IR,Iran,,,,
if_pr_wb_n_f,Participation rate  - female (+15) ,World Bank (national estimate),gregorian,2008,14.84,%,IR,Iran,,,,
if_pr_wb_n_f,Participation rate  - female (+15) ,World Bank (national estimate),gregorian,2009,15.80,%,IR,Iran,,,,
if_pr_wb_n_f,Participation rate  - female (+15) ,World Bank (national estimate),gregorian,2010,15.26,%,IR,Iran,,,,
if_pr_wb_n_f,Participation rate  - female (+15) ,World Bank (national estimate),gregorian,2011,13.75,%,IR,Iran,,,,
if_pr_wb_n_f,Participation rate  - female (+15) ,World Bank (national estimate),gregorian,2012,14.87,%,IR,Iran,,,,
if_pr_wb_n_f,Participation rate  - female (+15) ,World Bank (national estimate),gregorian,2013,13.41,%,IR,Iran,,,,
if_pr_wb_n_f,Participation rate  - female (+15) ,World Bank (national estimate),gregorian,2014,13.05,%,IR,Iran,,,,
if_pr_wb_n_f,Participation rate  - female (+15) ,World Bank (national estimate),gregorian,2015,14.41,%,IR,Iran,,,,
if_pr_wb_n_f,Participation rate  - female (+15) ,World Bank (national estimate),gregorian,2016,16.26,%,IR,Iran,,,,
if_pr_wb_n_f,Participation rate  - female (+15) ,World Bank (national estimate),gregorian,2017,17.40,%,IR,Iran,,,,
if_pr_wb_n_f,Participation rate  - female (+15) ,World Bank (national estimate),gregorian,2018,17.53,%,IR,Iran,,,,
if_pr_wb_n_f,Participation rate  - female (+15) ,World Bank (national estimate),gregorian,2019,16.98,%,IR,Iran,,,,
if_pr_wb_n_f,Participation rate  - female (+15) ,World Bank (national estimate),gregorian,2020,13.88,%,IR,Iran,,,,
if_pr_wb_n_f,Participation rate  - female (+15) ,World Bank (national estimate),gregorian,2021,13.25,%,IR,Iran,,,,
if_pr_wb_n_f,Participation rate  - female (+15) ,World Bank (national estimate),gregorian,2022,13.58,%,IR,Iran,,,,
if_pr_wb_n_f,Participation rate  - female (+15) ,World Bank (national estimate),gregorian,2023,14.21,%,IR,Iran,,,,
if_pr_wb_n_f,Participation rate  - female (+15) ,World Bank (national estimate),gregorian,2024,14.11,%,IR,Iran,,,,
if_pr_wb_n_m,Participation rate  - male (+15) ,World Bank (national estimate),gregorian,2005,71.90,%,IR,Iran,,,,
if_pr_wb_n_f,Participation rate  - female (+15) ,World Bank (national estimate),gregorian,2005,71.90,%,IR,Iran,,,,
if_pr_wb_n_f,Participation rate  - female (+15) ,World Bank (national estimate),gregorian,2006,70.75,%,IR,Iran,,,,
if_pr_wb_n_f,Participation rate  - female (+15) ,World Bank (national estimate),gregorian,2007,69.97,%,IR,Iran,,,,
if_pr_wb_n_f,Participation rate  - female (+15) ,World Bank (national estimate),gregorian,2008,67.77,%,IR,Iran,,,,
if_pr_wb_n_f,Participation rate  - female (+15) ,World Bank (national estimate),gregorian,2009,68.77,%,IR,Iran,,,,
if_pr_wb_n_f,Participation rate  - female (+15) ,World Bank (national estimate),gregorian,2010,67.84,%,IR,Iran,,,,
if_pr_wb_n_f,Participation rate  - female (+15) ,World Bank (national estimate),gregorian,2011,66.07,%,IR,Iran,,,,
if_pr_wb_n_f,Participation rate  - female (+15) ,World Bank (national estimate),gregorian,2012,66.46,%,IR,Iran,,,,
if_pr_wb_n_f,Participation rate  - female (+15) ,World Bank (national estimate),gregorian,2013,67.91,%,IR,Iran,,,,
if_pr_wb_n_f,Participation rate  - female (+15) ,World Bank (national estimate),gregorian,2014,67.76,%,IR,Iran,,,,
if_pr_wb_n_f,Participation rate  - female (+15) ,World Bank (national estimate),gregorian,2015,68.59,%,IR,Iran,,,,
if_pr_wb_n_f,Participation rate  - female (+15) ,World Bank (national estimate),gregorian,2016,69.20,%,IR,Iran,,,,
if_pr_wb_n_f,Participation rate  - female (+15) ,World Bank (national estimate),gregorian,2017,69.96,%,IR,Iran,,,,
if_pr_wb_n_f,Participation rate  - female (+15) ,World Bank (national estimate),gregorian,2018,70.66,%,IR,Iran,,,,
if_pr_wb_n_f,Participation rate  - female (+15) ,World Bank (national estimate),gregorian,2019,70.39,%,IR,Iran,,,,
if_pr_wb_n_f,Participation rate  - female (+15) ,World Bank (national estimate),gregorian,2020,68.05,%,IR,Iran,,,,
if_pr_wb_n_f,Participation rate  - female (+15) ,World Bank (national estimate),gregorian,2021,67.94,%,IR,Iran,,,,
if_pr_wb_n_f,Participation rate  - female (+15) ,World Bank (national estimate),gregorian,2022,67.54,%,IR,Iran,,,,
if_pr_wb_n_f,Participation rate  - female (+15) ,World Bank (national estimate),gregorian,2023,67.73,%,IR,Iran,,,,
if_pr_wb_n_f,Participation rate  - female (+15) ,World Bank (national estimate),gregorian,2024,67.40,%,IR,Iran,,,,
if_une_wb_n_t,Unemployment rate  - male & female (+15) ,World Bank (national estimate),gregorian,2005,11.81,%,IR,Iran,,,,
if_une_wb_n_t,Unemployment rate  - male & female (+15) ,World Bank (national estimate),gregorian,2005,11.81,%,IR,Iran,,,,
if_une_wb_n_t,Unemployment rate  - male & female (+15) ,World Bank (national estimate),gregorian,2006,11.52,%,IR,Iran,,,,
if_une_wb_n_t,Unemployment rate  - male & female (+15) ,World Bank (national estimate),gregorian,2007,10.77,%,IR,Iran,,,,
if_une_wb_n_t,Unemployment rate  - male & female (+15) ,World Bank (national estimate),gregorian,2008,10.63,%,IR,Iran,,,,
if_une_wb_n_t,Unemployment rate  - male & female (+15) ,World Bank (national estimate),gregorian,2009,12.11,%,IR,Iran,,,,
if_une_wb_n_t,Unemployment rate  - male & female (+15) ,World Bank (national estimate),gregorian,2010,13.68,%,IR,Iran,,,,
if_une_wb_n_t,Unemployment rate  - male & female (+15) ,World Bank (national estimate),gregorian,2011,12.49,%,IR,Iran,,,,
if_une_wb_n_t,Unemployment rate  - male & female (+15) ,World Bank (national estimate),gregorian,2012,12.28,%,IR,Iran,,,,
if_une_wb_n_t,Unemployment rate  - male & female (+15) ,World Bank (national estimate),gregorian,2013,10.60,%,IR,Iran,,,,
if_une_wb_n_t,Unemployment rate  - male & female (+15) ,World Bank (national estimate),gregorian,2014,10.68,%,IR,Iran,,,,
if_une_wb_n_t,Unemployment rate  - male & female (+15) ,World Bank (national estimate),gregorian,2015,11.17,%,IR,Iran,,,,
if_une_wb_n_t,Unemployment rate  - male & female (+15) ,World Bank (national estimate),gregorian,2016,12.62,%,IR,Iran,,,,
if_une_wb_n_t,Unemployment rate  - male & female (+15) ,World Bank (national estimate),gregorian,2017,12.23,%,IR,Iran,,,,
if_une_wb_n_t,Unemployment rate  - male & female (+15) ,World Bank (national estimate),gregorian,2018,12.20,%,IR,Iran,,,,
if_une_wb_n_t,Unemployment rate  - male & female (+15) ,World Bank (national estimate),gregorian,2019,10.74,%,IR,Iran,,,,
if_une_wb_n_t,Unemployment rate  - male & female (+15) ,World Bank (national estimate),gregorian,2020,9.69,%,IR,Iran,,,,
if_une_wb_n_t,Unemployment rate  - male & female (+15) ,World Bank (national estimate),gregorian,2021,9.28,%,IR,Iran,,,,
if_une_wb_n_t,Unemployment rate  - male & female (+15) ,World Bank (national estimate),gregorian,2022,9.09,%,IR,Iran,,,,
if_une_wb_n_t,Unemployment rate  - male & female (+15) ,World Bank (national estimate),gregorian,2023,8.13,%,IR,Iran,,,,
if_une_wb_n_t,Unemployment rate  - male & female (+15) ,World Bank (national estimate),gregorian,2024,7.63,%,IR,Iran,,,,
if_une_wb_n_f,Unemployment rate  - female (+15) ,World Bank (national estimate),gregorian,2005,17.61,%,IR,Iran,,,,
if_une_wb_n_f,Unemployment rate  - female (+15) ,World Bank (national estimate),gregorian,2005,17.61,%,IR,Iran,,,,
if_une_wb_n_f,Unemployment rate  - female (+15) ,World Bank (national estimate),gregorian,2006,16.51,%,IR,Iran,,,,
if_une_wb_n_f,Unemployment rate  - female (+15) ,World Bank (national estimate),gregorian,2007,16.10,%,IR,Iran,,,,
if_une_wb_n_f,Unemployment rate  - female (+15) ,World Bank (national estimate),gregorian,2008,16.92,%,IR,Iran,,,,
if_une_wb_n_f,Unemployment rate  - female (+15) ,World Bank (national estimate),gregorian,2009,17.04,%,IR,Iran,,,,
if_une_wb_n_f,Unemployment rate  - female (+15) ,World Bank (national estimate),gregorian,2010,20.74,%,IR,Iran,,,,
if_une_wb_n_f,Unemployment rate  - female (+15) ,World Bank (national estimate),gregorian,2011,21.06,%,IR,Iran,,,,
if_une_wb_n_f,Unemployment rate  - female (+15) ,World Bank (national estimate),gregorian,2012,19.79,%,IR,Iran,,,,
if_une_wb_n_f,Unemployment rate  - female (+15) ,World Bank (national estimate),gregorian,2013,19.87,%,IR,Iran,,,,
if_une_wb_n_f,Unemployment rate  - female (+15) ,World Bank (national estimate),gregorian,2014,19.76,%,IR,Iran,,,,
if_une_wb_n_f,Unemployment rate  - female (+15) ,World Bank (national estimate),gregorian,2015,19.50,%,IR,Iran,,,,
if_une_wb_n_f,Unemployment rate  - female (+15) ,World Bank (national estimate),gregorian,2016,20.78,%,IR,Iran,,,,
if_une_wb_n_f,Unemployment rate  - female (+15) ,World Bank (national estimate),gregorian,2017,19.92,%,IR,Iran,,,,
if_une_wb_n_f,Unemployment rate  - female (+15) ,World Bank (national estimate),gregorian,2018,18.97,%,IR,Iran,,,,
if_une_wb_n_f,Unemployment rate  - female (+15) ,World Bank (national estimate),gregorian,2019,17.55,%,IR,Iran,,,,
if_une_wb_n_f,Unemployment rate  - female (+15) ,World Bank (national estimate),gregorian,2020,15.67,%,IR,Iran,,,,
if_une_wb_n_f,Unemployment rate  - female (+15) ,World Bank (national estimate),gregorian,2021,16.01,%,IR,Iran,,,,
if_une_wb_n_f,Unemployment rate  - female (+15) ,World Bank (national estimate),gregorian,2022,15.82,%,IR,Iran,,,,
if_une_wb_n_f,Unemployment rate  - female (+15) ,World Bank (national estimate),gregorian,2023,15.02,%,IR,Iran,,,,
if_une_wb_n_f,Unemployment rate  - female (+15) ,World Bank (national estimate),gregorian,2024,14.27,%,IR,Iran,,,,
if_une_wb_n_m,Unemployment rate  - male (+15) ,World Bank (national estimate),gregorian,2005,10.31,%,IR,Iran,,,,
if_une_wb_n_m,Unemployment rate  - male (+15) ,World Bank (national estimate),gregorian,2005,10.31,%,IR,Iran,,,,
if_une_wb_n_m,Unemployment rate  - male (+15) ,World Bank (national estimate),gregorian,2006,10.25,%,IR,Iran,,,,
if_une_wb_n_m,Unemployment rate  - male (+15) ,World Bank (national estimate),gregorian,2007,9.48,%,IR,Iran,,,,
if_une_wb_n_m,Unemployment rate  - male (+15) ,World Bank (national estimate),gregorian,2008,9.27,%,IR,Iran,,,,
if_une_wb_n_m,Unemployment rate  - male (+15) ,World Bank (national estimate),gregorian,2009,10.99,%,IR,Iran,,,,
if_une_wb_n_m,Unemployment rate  - male (+15) ,World Bank (national estimate),gregorian,2010,12.10,%,IR,Iran,,,,
if_une_wb_n_m,Unemployment rate  - male (+15) ,World Bank (national estimate),gregorian,2011,10.72,%,IR,Iran,,,,
if_une_wb_n_m,Unemployment rate  - male (+15) ,World Bank (national estimate),gregorian,2012,10.58,%,IR,Iran,,,,
if_une_wb_n_m,Unemployment rate  - male (+15) ,World Bank (national estimate),gregorian,2013,8.75,%,IR,Iran,,,,
if_une_wb_n_m,Unemployment rate  - male (+15) ,World Bank (national estimate),gregorian,2014,8.91,%,IR,Iran,,,,
if_une_wb_n_m,Unemployment rate  - male (+15) ,World Bank (national estimate),gregorian,2015,9.40,%,IR,Iran,,,,
if_une_wb_n_m,Unemployment rate  - male (+15) ,World Bank (national estimate),gregorian,2016,10.68,%,IR,Iran,,,,
if_une_wb_n_m,Unemployment rate  - male (+15) ,World Bank (national estimate),gregorian,2017,10.33,%,IR,Iran,,,,
if_une_wb_n_m,Unemployment rate  - male (+15) ,World Bank (national estimate),gregorian,2018,10.51,%,IR,Iran,,,,
if_une_wb_n_m,Unemployment rate  - male (+15) ,World Bank (national estimate),gregorian,2019,9.10,%,IR,Iran,,,,
if_une_wb_n_m,Unemployment rate  - male (+15) ,World Bank (national estimate),gregorian,2020,8.47,%,IR,Iran,,,,
if_une_wb_n_m,Unemployment rate  - male (+15) ,World Bank (national estimate),gregorian,2021,7.97,%,IR,Iran,,,,
if_une_wb_n_m,Unemployment rate  - male (+15) ,World Bank (national estimate),gregorian,2022,7.73,%,IR,Iran,,,,
if_une_wb_n_m,Unemployment rate  - male (+15) ,World Bank (national estimate),gregorian,2023,6.68,%,IR,Iran,,,,
if_une_wb_n_m,Unemployment rate  - male (+15) ,World Bank (national estimate),gregorian,2024,6.24,%,IR,Iran,,,,
if_une_wb_t,Unemployment rate  - male & female (+15) ,World Bank (ILO estimate),gregorian,1991,11.10,%,IR,Iran,,,,
if_une_wb_t,Unemployment rate  - male & female (+15) ,World Bank (ILO estimate),gregorian,1992,10.65,%,IR,Iran,,,,
if_une_wb_t,Unemployment rate  - male & female (+15) ,World Bank (ILO estimate),gregorian,1993,10.57,%,IR,Iran,,,,
if_une_wb_t,Unemployment rate  - male & female (+15) ,World Bank (ILO estimate),gregorian,1994,10.46,%,IR,Iran,,,,
if_une_wb_t,Unemployment rate  - male & female (+15) ,World Bank (ILO estimate),gregorian,1995,9.90,%,IR,Iran,,,,
if_une_wb_t,Unemployment rate  - male & female (+15) ,World Bank (ILO estimate),gregorian,1996,9.10,%,IR,Iran,,,,
if_une_wb_t,Unemployment rate  - male & female (+15) ,World Bank (ILO estimate),gregorian,1997,9.68,%,IR,Iran,,,,
if_une_wb_t,Unemployment rate  - male & female (+15) ,World Bank (ILO estimate),gregorian,1998,10.36,%,IR,Iran,,,,
if_une_wb_t,Unemployment rate  - male & female (+15) ,World Bank (ILO estimate),gregorian,1999,11.18,%,IR,Iran,,,,
if_une_wb_t,Unemployment rate  - male & female (+15) ,World Bank (ILO estimate),gregorian,2000,11.70,%,IR,Iran,,,,
if_une_wb_t,Unemployment rate  - male & female (+15) ,World Bank (ILO estimate),gregorian,2001,12.36,%,IR,Iran,,,,
if_une_wb_t,Unemployment rate  - male & female (+15) ,World Bank (ILO estimate),gregorian,2002,12.80,%,IR,Iran,,,,
if_une_wb_t,Unemployment rate  - male & female (+15) ,World Bank (ILO estimate),gregorian,2003,11.53,%,IR,Iran,,,,
if_une_wb_t,Unemployment rate  - male & female (+15) ,World Bank (ILO estimate),gregorian,2004,10.30,%,IR,Iran,,,,
if_une_wb_t,Unemployment rate  - male & female (+15) ,World Bank (ILO estimate),gregorian,2005,11.81,%,IR,Iran,,,,
if_une_wb_t,Unemployment rate  - male & female (+15) ,World Bank (ILO estimate),gregorian,2005,11.81,%,IR,Iran,,,,
if_une_wb_t,Unemployment rate  - male & female (+15) ,World Bank (ILO estimate),gregorian,2006,11.52,%,IR,Iran,,,,
if_une_wb_t,Unemployment rate  - male & female (+15) ,World Bank (ILO estimate),gregorian,2007,10.77,%,IR,Iran,,,,
if_une_wb_t,Unemployment rate  - male & female (+15) ,World Bank (ILO estimate),gregorian,2008,10.63,%,IR,Iran,,,,
if_une_wb_t,Unemployment rate  - male & female (+15) ,World Bank (ILO estimate),gregorian,2009,12.11,%,IR,Iran,,,,
if_une_wb_t,Unemployment rate  - male & female (+15) ,World Bank (ILO estimate),gregorian,2010,13.68,%,IR,Iran,,,,
if_une_wb_t,Unemployment rate  - male & female (+15) ,World Bank (ILO estimate),gregorian,2011,12.49,%,IR,Iran,,,,
if_une_wb_t,Unemployment rate  - male & female (+15) ,World Bank (ILO estimate),gregorian,2012,12.28,%,IR,Iran,,,,
if_une_wb_t,Unemployment rate  - male & female (+15) ,World Bank (ILO estimate),gregorian,2013,10.60,%,IR,Iran,,,,
if_une_wb_t,Unemployment rate  - male & female (+15) ,World Bank (ILO estimate),gregorian,2014,10.68,%,IR,Iran,,,,
if_une_wb_t,Unemployment rate  - male & female (+15) ,World Bank (ILO estimate),gregorian,2015,11.17,%,IR,Iran,,,,
if_une_wb_t,Unemployment rate  - male & female (+15) ,World Bank (ILO estimate),gregorian,2016,12.62,%,IR,Iran,,,,
if_une_wb_t,Unemployment rate  - male & female (+15) ,World Bank (ILO estimate),gregorian,2017,12.23,%,IR,Iran,,,,
if_une_wb_t,Unemployment rate  - male & female (+15) ,World Bank (ILO estimate),gregorian,2018,12.20,%,IR,Iran,,,,
if_une_wb_t,Unemployment rate  - male & female (+15) ,World Bank (ILO estimate),gregorian,2019,10.74,%,IR,Iran,,,,
if_une_wb_t,Unemployment rate  - male & female (+15) ,World Bank (ILO estimate),gregorian,2020,9.69,%,IR,Iran,,,,
if_une_wb_t,Unemployment rate  - male & female (+15) ,World Bank (ILO estimate),gregorian,2021,9.28,%,IR,Iran,,,,
if_une_wb_t,Unemployment rate  - male & female (+15) ,World Bank (ILO estimate),gregorian,2022,9.09,%,IR,Iran,,,,
if_une_wb_t,Unemployment rate  - male & female (+15) ,World Bank (ILO estimate),gregorian,2023,8.13,%,IR,Iran,,,,
if_une_wb_t,Unemployment rate  - male & female (+15) ,World Bank (ILO estimate),gregorian,2024,8.15,%,IR,Iran,,,,
if_une_wb_t,Unemployment rate  - male & female (+15) ,World Bank (ILO estimate),gregorian,2025,8.30,%,IR,Iran,,,,
if_une_wb_f,Unemployment rate  - female (+15) ,World Bank (ILO estimate),gregorian,1991,24.60,%,IR,Iran,,,,
if_une_wb_f,Unemployment rate  - female (+15) ,World Bank (ILO estimate),gregorian,1992,22.32,%,IR,Iran,,,,
if_une_wb_f,Unemployment rate  - female (+15) ,World Bank (ILO estimate),gregorian,1993,20.62,%,IR,Iran,,,,
if_une_wb_f,Unemployment rate  - female (+15) ,World Bank (ILO estimate),gregorian,1994,18.76,%,IR,Iran,,,,
if_une_wb_f,Unemployment rate  - female (+15) ,World Bank (ILO estimate),gregorian,1995,16.24,%,IR,Iran,,,,
if_une_wb_f,Unemployment rate  - female (+15) ,World Bank (ILO estimate),gregorian,1996,13.43,%,IR,Iran,,,,
if_une_wb_f,Unemployment rate  - female (+15) ,World Bank (ILO estimate),gregorian,1997,14.89,%,IR,Iran,,,,
if_une_wb_f,Unemployment rate  - female (+15) ,World Bank (ILO estimate),gregorian,1998,16.43,%,IR,Iran,,,,
if_une_wb_f,Unemployment rate  - female (+15) ,World Bank (ILO estimate),gregorian,1999,18.12,%,IR,Iran,,,,
if_une_wb_f,Unemployment rate  - female (+15) ,World Bank (ILO estimate),gregorian,2000,19.38,%,IR,Iran,,,,
if_une_wb_f,Unemployment rate  - female (+15) ,World Bank (ILO estimate),gregorian,2001,20.80,%,IR,Iran,,,,
if_une_wb_f,Unemployment rate  - female (+15) ,World Bank (ILO estimate),gregorian,2002,21.85,%,IR,Iran,,,,
if_une_wb_f,Unemployment rate  - female (+15) ,World Bank (ILO estimate),gregorian,2003,18.94,%,IR,Iran,,,,
if_une_wb_f,Unemployment rate  - female (+15) ,World Bank (ILO estimate),gregorian,2004,16.20,%,IR,Iran,,,,
if_une_wb_f,Unemployment rate  - female (+15) ,World Bank (ILO estimate),gregorian,2005,17.69,%,IR,Iran,,,,
if_une_wb_f,Unemployment rate  - female (+15) ,World Bank (ILO estimate),gregorian,2005,17.69,%,IR,Iran,,,,
if_une_wb_f,Unemployment rate  - female (+15) ,World Bank (ILO estimate),gregorian,2006,16.58,%,IR,Iran,,,,
if_une_wb_f,Unemployment rate  - female (+15) ,World Bank (ILO estimate),gregorian,2007,16.17,%,IR,Iran,,,,
if_une_wb_f,Unemployment rate  - female (+15) ,World Bank (ILO estimate),gregorian,2008,17.01,%,IR,Iran,,,,
if_une_wb_f,Unemployment rate  - female (+15) ,World Bank (ILO estimate),gregorian,2009,17.10,%,IR,Iran,,,,
if_une_wb_f,Unemployment rate  - female (+15) ,World Bank (ILO estimate),gregorian,2010,20.84,%,IR,Iran,,,,
if_une_wb_f,Unemployment rate  - female (+15) ,World Bank (ILO estimate),gregorian,2011,21.19,%,IR,Iran,,,,
if_une_wb_f,Unemployment rate  - female (+15) ,World Bank (ILO estimate),gregorian,2012,19.92,%,IR,Iran,,,,
if_une_wb_f,Unemployment rate  - female (+15) ,World Bank (ILO estimate),gregorian,2013,20.02,%,IR,Iran,,,,
if_une_wb_f,Unemployment rate  - female (+15) ,World Bank (ILO estimate),gregorian,2014,19.91,%,IR,Iran,,,,
if_une_wb_f,Unemployment rate  - female (+15) ,World Bank (ILO estimate),gregorian,2015,19.62,%,IR,Iran,,,,
if_une_wb_f,Unemployment rate  - female (+15) ,World Bank (ILO estimate),gregorian,2016,20.90,%,IR,Iran,,,,
if_une_wb_f,Unemployment rate  - female (+15) ,World Bank (ILO estimate),gregorian,2017,20.01,%,IR,Iran,,,,
if_une_wb_f,Unemployment rate  - female (+15) ,World Bank (ILO estimate),gregorian,2018,19.06,%,IR,Iran,,,,
if_une_wb_f,Unemployment rate  - female (+15) ,World Bank (ILO estimate),gregorian,2019,17.63,%,IR,Iran,,,,
if_une_wb_f,Unemployment rate  - female (+15) ,World Bank (ILO estimate),gregorian,2020,15.74,%,IR,Iran,,,,
if_une_wb_f,Unemployment rate  - female (+15) ,World Bank (ILO estimate),gregorian,2021,16.10,%,IR,Iran,,,,
if_une_wb_f,Unemployment rate  - female (+15) ,World Bank (ILO estimate),gregorian,2022,15.88,%,IR,Iran,,,,
if_une_wb_f,Unemployment rate  - female (+15) ,World Bank (ILO estimate),gregorian,2023,15.11,%,IR,Iran,,,,
if_une_wb_f,Unemployment rate  - female (+15) ,World Bank (ILO estimate),gregorian,2024,15.12,%,IR,Iran,,,,
if_une_wb_f,Unemployment rate  - female (+15) ,World Bank (ILO estimate),gregorian,2025,15.59,%,IR,Iran,,,,
if_une_wb_m,Unemployment rate  - male (+15) ,World Bank (ILO estimate),gregorian,1991,9.58,%,IR,Iran,,,,
if_une_wb_m,Unemployment rate  - male (+15) ,World Bank (ILO estimate),gregorian,1992,9.30,%,IR,Iran,,,,
if_une_wb_m,Unemployment rate  - male (+15) ,World Bank (ILO estimate),gregorian,1993,9.37,%,IR,Iran,,,,
if_une_wb_m,Unemployment rate  - male (+15) ,World Bank (ILO estimate),gregorian,1994,9.43,%,IR,Iran,,,,
if_une_wb_m,Unemployment rate  - male (+15) ,World Bank (ILO estimate),gregorian,1995,9.09,%,IR,Iran,,,,
if_une_wb_m,Unemployment rate  - male (+15) ,World Bank (ILO estimate),gregorian,1996,8.52,%,IR,Iran,,,,
if_une_wb_m,Unemployment rate  - male (+15) ,World Bank (ILO estimate),gregorian,1997,8.93,%,IR,Iran,,,,
if_une_wb_m,Unemployment rate  - male (+15) ,World Bank (ILO estimate),gregorian,1998,9.42,%,IR,Iran,,,,
if_une_wb_m,Unemployment rate  - male (+15) ,World Bank (ILO estimate),gregorian,1999,10.01,%,IR,Iran,,,,
if_une_wb_m,Unemployment rate  - male (+15) ,World Bank (ILO estimate),gregorian,2000,10.31,%,IR,Iran,,,,
if_une_wb_m,Unemployment rate  - male (+15) ,World Bank (ILO estimate),gregorian,2001,10.73,%,IR,Iran,,,,
if_une_wb_m,Unemployment rate  - male (+15) ,World Bank (ILO estimate),gregorian,2002,10.93,%,IR,Iran,,,,
if_une_wb_m,Unemployment rate  - male (+15) ,World Bank (ILO estimate),gregorian,2003,9.89,%,IR,Iran,,,,
if_une_wb_m,Unemployment rate  - male (+15) ,World Bank (ILO estimate),gregorian,2004,8.92,%,IR,Iran,,,,
if_une_wb_m,Unemployment rate  - male (+15) ,World Bank (ILO estimate),gregorian,2005,10.36,%,IR,Iran,,,,
if_une_wb_m,Unemployment rate  - male (+15) ,World Bank (ILO estimate),gregorian,2005,10.36,%,IR,Iran,,,,
if_une_wb_m,Unemployment rate  - male (+15) ,World Bank (ILO estimate),gregorian,2006,10.30,%,IR,Iran,,,,
if_une_wb_m,Unemployment rate  - male (+15) ,World Bank (ILO estimate),gregorian,2007,9.53,%,IR,Iran,,,,
if_une_wb_m,Unemployment rate  - male (+15) ,World Bank (ILO estimate),gregorian,2008,9.32,%,IR,Iran,,,,
if_une_wb_m,Unemployment rate  - male (+15) ,World Bank (ILO estimate),gregorian,2009,11.03,%,IR,Iran,,,,
if_une_wb_m,Unemployment rate  - male (+15) ,World Bank (ILO estimate),gregorian,2010,12.15,%,IR,Iran,,,,
if_une_wb_m,Unemployment rate  - male (+15) ,World Bank (ILO estimate),gregorian,2011,10.78,%,IR,Iran,,,,
if_une_wb_m,Unemployment rate  - male (+15) ,World Bank (ILO estimate),gregorian,2012,10.65,%,IR,Iran,,,,
if_une_wb_m,Unemployment rate  - male (+15) ,World Bank (ILO estimate),gregorian,2013,8.81,%,IR,Iran,,,,
if_une_wb_m,Unemployment rate  - male (+15) ,World Bank (ILO estimate),gregorian,2014,8.97,%,IR,Iran,,,,
if_une_wb_m,Unemployment rate  - male (+15) ,World Bank (ILO estimate),gregorian,2015,9.45,%,IR,Iran,,,,
if_une_wb_m,Unemployment rate  - male (+15) ,World Bank (ILO estimate),gregorian,2016,10.75,%,IR,Iran,,,,
if_une_wb_m,Unemployment rate  - male (+15) ,World Bank (ILO estimate),gregorian,2017,10.37,%,IR,Iran,,,,
if_une_wb_m,Unemployment rate  - male (+15) ,World Bank (ILO estimate),gregorian,2018,10.56,%,IR,Iran,,,,
if_une_wb_m,Unemployment rate  - male (+15) ,World Bank (ILO estimate),gregorian,2019,9.14,%,IR,Iran,,,,
if_une_wb_m,Unemployment rate  - male (+15) ,World Bank (ILO estimate),gregorian,2020,8.50,%,IR,Iran,,,,
if_une_wb_m,Unemployment rate  - male (+15) ,World Bank (ILO estimate),gregorian,2021,8.01,%,IR,Iran,,,,
if_une_wb_m,Unemployment rate  - male (+15) ,World Bank (ILO estimate),gregorian,2022,7.76,%,IR,Iran,,,,
if_une_wb_m,Unemployment rate  - male (+15) ,World Bank (ILO estimate),gregorian,2023,6.72,%,IR,Iran,,,,
if_une_wb_m,Unemployment rate  - male (+15) ,World Bank (ILO estimate),gregorian,2024,6.73,%,IR,Iran,,,,
if_une_wb_m,Unemployment rate  - male (+15) ,World Bank (ILO estimate),gregorian,2025,6.82,%,IR,Iran,,,,
if_une_wb_ed_t,Unemployment rate with advance education  - male & female (+15) ,World Bank (ILO estimate),gregorian,2005,12.06,%,IR,Iran,,,,
if_une_wb_ed_t,Unemployment rate with advance education  - male & female (+15) ,World Bank (ILO estimate),gregorian,2006,12.71,%,IR,Iran,,,,
if_une_wb_ed_t,Unemployment rate with advance education  - male & female (+15) ,World Bank (ILO estimate),gregorian,2007,12.21,%,IR,Iran,,,,
if_une_wb_ed_t,Unemployment rate with advance education  - male & female (+15) ,World Bank (ILO estimate),gregorian,2008,11.97,%,IR,Iran,,,,
if_une_wb_ed_t,Unemployment rate with advance education  - male & female (+15) ,World Bank (ILO estimate),gregorian,2009,14.39,%,IR,Iran,,,,
if_une_wb_ed_t,Unemployment rate with advance education  - male & female (+15) ,World Bank (ILO estimate),gregorian,2010,16.36,%,IR,Iran,,,,
if_une_wb_ed_t,Unemployment rate with advance education  - male & female (+15) ,World Bank (ILO estimate),gregorian,2011,14.10,%,IR,Iran,,,,
if_une_wb_ed_t,Unemployment rate with advance education  - male & female (+15) ,World Bank (ILO estimate),gregorian,2012,13.80,%,IR,Iran,,,,
if_une_wb_ed_t,Unemployment rate with advance education  - male & female (+15) ,World Bank (ILO estimate),gregorian,2013,11.69,%,IR,Iran,,,,
if_une_wb_ed_t,Unemployment rate with advance education  - male & female (+15) ,World Bank (ILO estimate),gregorian,2014,12.26,%,IR,Iran,,,,
if_une_wb_ed_t,Unemployment rate with advance education  - male & female (+15) ,World Bank (ILO estimate),gregorian,2015,11.72,%,IR,Iran,,,,
if_une_wb_ed_t,Unemployment rate with advance education  - male & female (+15) ,World Bank (ILO estimate),gregorian,2016,13.69,%,IR,Iran,,,,
if_une_wb_ed_t,Unemployment rate with advance education  - male & female (+15) ,World Bank (ILO estimate),gregorian,2017,13.62,%,IR,Iran,,,,
if_une_wb_ed_t,Unemployment rate with advance education  - male & female (+15) ,World Bank (ILO estimate),gregorian,2018,18.40,%,IR,Iran,,,,
if_une_wb_ed_t,Unemployment rate with advance education  - male & female (+15) ,World Bank (ILO estimate),gregorian,2019,16.94,%,IR,Iran,,,,
if_une_wb_ed_t,Unemployment rate with advance education  - male & female (+15) ,World Bank (ILO estimate),gregorian,2020,14.36,%,IR,Iran,,,,
if_une_wb_ed_t,Unemployment rate with advance education  - male & female (+15) ,World Bank (ILO estimate),gregorian,2021,13.77,%,IR,Iran,,,,
if_une_wb_ed_t,Unemployment rate with advance education  - male & female (+15) ,World Bank (ILO estimate),gregorian,2022,12.95,%,IR,Iran,,,,
if_une_wb_ed_t,Unemployment rate with advance education  - male & female (+15) ,World Bank (ILO estimate),gregorian,2023,11.87,%,IR,Iran,,,,
if_une_wb_ed_t,Unemployment rate with advance education  - male & female (+15) ,World Bank (ILO estimate),gregorian,2024,11.26,%,IR,Iran,,,,
if_une_wb_ed_f,Unemployment rate with advance education  - female (+15) ,World Bank (ILO estimate),gregorian,2005,17.32,%,IR,Iran,,,,
if_une_wb_ed_f,Unemployment rate with advance education  - female (+15) ,World Bank (ILO estimate),gregorian,2006,18.23,%,IR,Iran,,,,
if_une_wb_ed_f,Unemployment rate with advance education  - female (+15) ,World Bank (ILO estimate),gregorian,2007,17.32,%,IR,Iran,,,,
if_une_wb_ed_f,Unemployment rate with advance education  - female (+15) ,World Bank (ILO estimate),gregorian,2008,18.34,%,IR,Iran,,,,
if_une_wb_ed_f,Unemployment rate with advance education  - female (+15) ,World Bank (ILO estimate),gregorian,2009,20.37,%,IR,Iran,,,,
if_une_wb_ed_f,Unemployment rate with advance education  - female (+15) ,World Bank (ILO estimate),gregorian,2010,23.51,%,IR,Iran,,,,
if_une_wb_ed_f,Unemployment rate with advance education  - female (+15) ,World Bank (ILO estimate),gregorian,2011,22.38,%,IR,Iran,,,,
if_une_wb_ed_f,Unemployment rate with advance education  - female (+15) ,World Bank (ILO estimate),gregorian,2012,20.47,%,IR,Iran,,,,
if_une_wb_ed_f,Unemployment rate with advance education  - female (+15) ,World Bank (ILO estimate),gregorian,2013,17.70,%,IR,Iran,,,,
if_une_wb_ed_f,Unemployment rate with advance education  - female (+15) ,World Bank (ILO estimate),gregorian,2014,18.74,%,IR,Iran,,,,
if_une_wb_ed_f,Unemployment rate with advance education  - female (+15) ,World Bank (ILO estimate),gregorian,2015,17.32,%,IR,Iran,,,,
if_une_wb_ed_f,Unemployment rate with advance education  - female (+15) ,World Bank (ILO estimate),gregorian,2016,19.51,%,IR,Iran,,,,
if_une_wb_ed_f,Unemployment rate with advance education  - female (+15) ,World Bank (ILO estimate),gregorian,2017,19.31,%,IR,Iran,,,,
if_une_wb_ed_f,Unemployment rate with advance education  - female (+15) ,World Bank (ILO estimate),gregorian,2018,28.67,%,IR,Iran,,,,
if_une_wb_ed_f,Unemployment rate with advance education  - female (+15) ,World Bank (ILO estimate),gregorian,2019,26.36,%,IR,Iran,,,,
if_une_wb_ed_f,Unemployment rate with advance education  - female (+15) ,World Bank (ILO estimate),gregorian,2020,23.02,%,IR,Iran,,,,
if_une_wb_ed_f,Unemployment rate with advance education  - female (+15) ,World Bank (ILO estimate),gregorian,2021,22.92,%,IR,Iran,,,,
if_une_wb_ed_f,Unemployment rate with advance education  - female (+15) ,World Bank (ILO estimate),gregorian,2022,21.92,%,IR,Iran,,,,
if_une_wb_ed_f,Unemployment rate with advance education  - female (+15) ,World Bank (ILO estimate),gregorian,2023,20.45,%,IR,Iran,,,,
if_une_wb_ed_f,Unemployment rate with advance education  - female (+15) ,World Bank (ILO estimate),gregorian,2024,19.08,%,IR,Iran,,,,
if_une_wb_ed_m,Unemployment rate with advance education  - male (+15) ,World Bank (ILO estimate),gregorian,2005,9.54,%,IR,Iran,,,,
if_une_wb_ed_m,Unemployment rate with advance education  - male (+15) ,World Bank (ILO estimate),gregorian,2006,10.00,%,IR,Iran,,,,
if_une_wb_ed_m,Unemployment rate with advance education  - male (+15) ,World Bank (ILO estimate),gregorian,2007,9.68,%,IR,Iran,,,,
if_une_wb_ed_m,Unemployment rate with advance education  - male (+15) ,World Bank (ILO estimate),gregorian,2008,9.15,%,IR,Iran,,,,
if_une_wb_ed_m,Unemployment rate with advance education  - male (+15) ,World Bank (ILO estimate),gregorian,2009,11.71,%,IR,Iran,,,,
if_une_wb_ed_m,Unemployment rate with advance education  - male (+15) ,World Bank (ILO estimate),gregorian,2010,13.13,%,IR,Iran,,,,
if_une_wb_ed_m,Unemployment rate with advance education  - male (+15) ,World Bank (ILO estimate),gregorian,2011,10.82,%,IR,Iran,,,,
if_une_wb_ed_m,Unemployment rate with advance education  - male (+15) ,World Bank (ILO estimate),gregorian,2012,10.90,%,IR,Iran,,,,
if_une_wb_ed_m,Unemployment rate with advance education  - male (+15) ,World Bank (ILO estimate),gregorian,2013,9.64,%,IR,Iran,,,,
if_une_wb_ed_m,Unemployment rate with advance education  - male (+15) ,World Bank (ILO estimate),gregorian,2014,10.16,%,IR,Iran,,,,
if_une_wb_ed_m,Unemployment rate with advance education  - male (+15) ,World Bank (ILO estimate),gregorian,2015,9.92,%,IR,Iran,,,,
if_une_wb_ed_m,Unemployment rate with advance education  - male (+15) ,World Bank (ILO estimate),gregorian,2016,11.62,%,IR,Iran,,,,
if_une_wb_ed_m,Unemployment rate with advance education  - male (+15) ,World Bank (ILO estimate),gregorian,2017,11.65,%,IR,Iran,,,,
if_une_wb_ed_m,Unemployment rate with advance education  - male (+15) ,World Bank (ILO estimate),gregorian,2018,13.14,%,IR,Iran,,,,
if_une_wb_ed_m,Unemployment rate with advance education  - male (+15) ,World Bank (ILO estimate),gregorian,2019,12.35,%,IR,Iran,,,,
if_une_wb_ed_m,Unemployment rate with advance education  - male (+15) ,World Bank (ILO estimate),gregorian,2020,10.49,%,IR,Iran,,,,
if_une_wb_ed_m,Unemployment rate with advance education  - male (+15) ,World Bank (ILO estimate),gregorian,2021,9.86,%,IR,Iran,,,,
if_une_wb_ed_m,Unemployment rate with advance education  - male (+15) ,World Bank (ILO estimate),gregorian,2022,9.00,%,IR,Iran,,,,
if_une_wb_ed_m,Unemployment rate with advance education  - male (+15) ,World Bank (ILO estimate),gregorian,2023,7.98,%,IR,Iran,,,,
if_une_wb_ed_m,Unemployment rate with advance education  - male (+15) ,World Bank (ILO estimate),gregorian,2024,7.66,%,IR,Iran,,,,
lf_pr_ir_une_t,Unemployment rate (Provincial) - male & female (+15) ,Statistical Center of Iran,persian,1403,7.53,%,IR-01,East Azerbaijan,,,-,
lf_pr_ir_une_t,Unemployment rate (Provincial) - male & female (+15) ,Statistical Center of Iran,persian,1403,6.75,%,IR-02,West Azerbaijan,,,-,
lf_pr_ir_une_t,Unemployment rate (Provincial) - male & female (+15) ,Statistical Center of Iran,persian,1403,10.85,%,IR-03,Ardabil,,,-,
lf_pr_ir_une_t,Unemployment rate (Provincial) - male & female (+15) ,Statistical Center of Iran,persian,1403,8.65,%,IR-04,Isfahan,,,-,
lf_pr_ir_une_t,Unemployment rate (Provincial) - male & female (+15) ,Statistical Center of Iran,persian,1403,8.55,%,IR-05,Alborz,,,-,
lf_pr_ir_une_t,Unemployment rate (Provincial) - male & female (+15) ,Statistical Center of Iran,persian,1403,6.55,%,IR-06,Ilam,,,-,
lf_pr_ir_une_t,Unemployment rate (Provincial) - male & female (+15) ,Statistical Center of Iran,persian,1403,7.70,%,IR-07,Bushehr,,,-,
lf_pr_ir_une_t,Unemployment rate (Provincial) - male & female (+15) ,Statistical Center of Iran,persian,1403,4.78,%,IR-08,Tehran,,,-,
lf_pr_ir_une_t,Unemployment rate (Provincial) - male & female (+15) ,Statistical Center of Iran,persian,1403,8.63,%,IR-09,Chaharmahal and Bakhtiari,,,-,
lf_pr_ir_une_t,Unemployment rate (Provincial) - male & female (+15) ,Statistical Center of Iran,persian,1403,5.35,%,IR-10,South Khorasan,,,-,
lf_pr_ir_une_t,Unemployment rate (Provincial) - male & female (+15) ,Statistical Center of Iran,persian,1403,5.95,%,IR-11,Razavi Khorasan,,,-,
lf_pr_ir_une_t,Unemployment rate (Provincial) - male & female (+15) ,Statistical Center of Iran,persian,1403,7.93,%,IR-12,North Khorasan,,,-,
lf_pr_ir_une_t,Unemployment rate (Provincial) - male & female (+15) ,Statistical Center of Iran,persian,1403,12.08,%,IR-13,Khuzestan,,,-,
lf_pr_ir_une_t,Unemployment rate (Provincial) - male & female (+15) ,Statistical Center of Iran,persian,1403,7.30,%,IR-14,Zanjan,,,-,
lf_pr_ir_une_t,Unemployment rate (Provincial) - male & female (+15) ,Statistical Center of Iran,persian,1403,5.75,%,IR-15,Semnan,,,-,
lf_pr_ir_une_t,Unemployment rate (Provincial) - male & female (+15) ,Statistical Center of Iran,persian,1403,12.18,%,IR-16,Sistan and Baluchestan,,,-,
lf_pr_ir_une_t,Unemployment rate (Provincial) - male & female (+15) ,Statistical Center of Iran,persian,1403,6.58,%,IR-17,Fars,,,-,
lf_pr_ir_une_t,Unemployment rate (Provincial) - male & female (+15) ,Statistical Center of Iran,persian,1403,6.43,%,IR-18,Qazvin,,,-,
lf_pr_ir_une_t,Unemployment rate (Provincial) - male & female (+15) ,Statistical Center of Iran,persian,1403,8.55,%,IR-19,Qom,,,-,
lf_pr_ir_une_t,Unemployment rate (Provincial) - male & female (+15) ,Statistical Center of Iran,persian,1403,9.80,%,IR-20,Kurdistan,,,-,
lf_pr_ir_une_t,Unemployment rate (Provincial) - male & female (+15) ,Statistical Center of Iran,persian,1403,9.03,%,IR-21,Kerman,,,-,
lf_pr_ir_une_t,Unemployment rate (Provincial) - male & female (+15) ,Statistical Center of Iran,persian,1403,12.90,%,IR-22,Kermanshah,,,-,
lf_pr_ir_une_t,Unemployment rate (Provincial) - male & female (+15) ,Statistical Center of Iran,persian,1403,8.70,%,IR-23,Kohgiluyeh and Boyer-Ahmad,,,-,
lf_pr_ir_une_t,Unemployment rate (Provincial) - male & female (+15) ,Statistical Center of Iran,persian,1403,9.20,%,IR-24,Golestan,,,-,
lf_pr_ir_une_t,Unemployment rate (Provincial) - male & female (+15) ,Statistical Center of Iran,persian,1403,7.95,%,IR-25,Gilan,,,-,
lf_pr_ir_une_t,Unemployment rate (Provincial) - male & female (+15) ,Statistical Center of Iran,persian,1403,11.08,%,IR-26,Lorestan,,,-,
lf_pr_ir_une_t,Unemployment rate (Provincial) - male & female (+15) ,Statistical Center of Iran,persian,1403,5.48,%,IR-27,Mazandaran,,,-,
lf_pr_ir_une_t,Unemployment rate (Provincial) - male & female (+15) ,Statistical Center of Iran,persian,1403,5.45,%,IR-28,Markazi,,,-,
lf_pr_ir_une_t,Unemployment rate (Provincial) - male & female (+15) ,Statistical Center of Iran,persian,1403,8.05,%,IR-29,Hormozgan,,,-,
lf_pr_ir_une_t,Unemployment rate (Provincial) - male & female (+15) ,Statistical Center of Iran,persian,1403,7.95,%,IR-30,Hamadan,,,-,
lf_pr_ir_une_t,Unemployment rate (Provincial) - male & female (+15) ,Statistical Center of Iran,persian,1403,5.55,%,IR-31,Yazd,,,-,
lf_pr_ir_une_t,Unemployment rate (Provincial) - male & female (+15) ,Statistical Center of Iran,persian,1402,7.10,%,IR-01,East Azerbaijan,,,-,
lf_pr_ir_une_t,Unemployment rate (Provincial) - male & female (+15) ,Statistical Center of Iran,persian,1402,6.70,%,IR-02,West Azerbaijan,,,-,
lf_pr_ir_une_t,Unemployment rate (Provincial) - male & female (+15) ,Statistical Center of Iran,persian,1402,10.20,%,IR-03,Ardabil,,,-,
lf_pr_ir_une_t,Unemployment rate (Provincial) - male & female (+15) ,Statistical Center of Iran,persian,1402,9.20,%,IR-04,Isfahan,,,-,
lf_pr_ir_une_t,Unemployment rate (Provincial) - male & female (+15) ,Statistical Center of Iran,persian,1402,8.00,%,IR-05,Alborz,,,-,
lf_pr_ir_une_t,Unemployment rate (Provincial) - male & female (+15) ,Statistical Center of Iran,persian,1402,6.70,%,IR-06,Ilam,,,-,
lf_pr_ir_une_t,Unemployment rate (Provincial) - male & female (+15) ,Statistical Center of Iran,persian,1402,7.80,%,IR-07,Bushehr,,,-,
lf_pr_ir_une_t,Unemployment rate (Provincial) - male & female (+15) ,Statistical Center of Iran,persian,1402,6.70,%,IR-08,Tehran,,,-,
lf_pr_ir_une_t,Unemployment rate (Provincial) - male & female (+15) ,Statistical Center of Iran,persian,1402,10.70,%,IR-09,Chaharmahal and Bakhtiari,,,-,
lf_pr_ir_une_t,Unemployment rate (Provincial) - male & female (+15) ,Statistical Center of Iran,persian,1402,5.70,%,IR-10,South Khorasan,,,-,
lf_pr_ir_une_t,Unemployment rate (Provincial) - male & female (+15) ,Statistical Center of Iran,persian,1402,6.30,%,IR-11,Razavi Khorasan,,,-,
lf_pr_ir_une_t,Unemployment rate (Provincial) - male & female (+15) ,Statistical Center of Iran,persian,1402,7.50,%,IR-12,North Khorasan,,,-,
lf_pr_ir_une_t,Unemployment rate (Provincial) - male & female (+15) ,Statistical Center of Iran,persian,1402,11.00,%,IR-13,Khuzestan,,,-,
lf_pr_ir_une_t,Unemployment rate (Provincial) - male & female (+15) ,Statistical Center of Iran,persian,1402,6.90,%,IR-14,Zanjan,,,-,
lf_pr_ir_une_t,Unemployment rate (Provincial) - male & female (+15) ,Statistical Center of Iran,persian,1402,6.30,%,IR-15,Semnan,,,-,
lf_pr_ir_une_t,Unemployment rate (Provincial) - male & female (+15) ,Statistical Center of Iran,persian,1402,12.40,%,IR-16,Sistan and Baluchestan,,,-,
lf_pr_ir_une_t,Unemployment rate (Provincial) - male & female (+15) ,Statistical Center of Iran,persian,1402,7.30,%,IR-17,Fars,,,-,
lf_pr_ir_une_t,Unemployment rate (Provincial) - male & female (+15) ,Statistical Center of Iran,persian,1402,6.40,%,IR-18,Qazvin,,,-,
lf_pr_ir_une_t,Unemployment rate (Provincial) - male & female (+15) ,Statistical Center of Iran,persian,1402,8.20,%,IR-19,Qom,,,-,
lf_pr_ir_une_t,Unemployment rate (Provincial) - male & female (+15) ,Statistical Center of Iran,persian,1402,10.70,%,IR-20,Kurdistan,,,-,
lf_pr_ir_une_t,Unemployment rate (Provincial) - male & female (+15) ,Statistical Center of Iran,persian,1402,8.80,%,IR-21,Kerman,,,-,
lf_pr_ir_une_t,Unemployment rate (Provincial) - male & female (+15) ,Statistical Center of Iran,persian,1402,12.30,%,IR-22,Kermanshah,,,-,
lf_pr_ir_une_t,Unemployment rate (Provincial) - male & female (+15) ,Statistical Center of Iran,persian,1402,7.70,%,IR-23,Kohgiluyeh and Boyer-Ahmad,,,-,
lf_pr_ir_une_t,Unemployment rate (Provincial) - male & female (+15) ,Statistical Center of Iran,persian,1402,9.70,%,IR-24,Golestan,,,-,
lf_pr_ir_une_t,Unemployment rate (Provincial) - male & female (+15) ,Statistical Center of Iran,persian,1402,6.90,%,IR-25,Gilan,,,-,
lf_pr_ir_une_t,Unemployment rate (Provincial) - male & female (+15) ,Statistical Center of Iran,persian,1402,11.90,%,IR-26,Lorestan,,,-,
lf_pr_ir_une_t,Unemployment rate (Provincial) - male & female (+15) ,Statistical Center of Iran,persian,1402,6.30,%,IR-27,Mazandaran,,,-,
lf_pr_ir_une_t,Unemployment rate (Provincial) - male & female (+15) ,Statistical Center of Iran,persian,1402,7.00,%,IR-28,Markazi,,,-,
lf_pr_ir_une_t,Unemployment rate (Provincial) - male & female (+15) ,Statistical Center of Iran,persian,1402,11.40,%,IR-29,Hormozgan,,,-,
lf_pr_ir_une_t,Unemployment rate (Provincial) - male & female (+15) ,Statistical Center of Iran,persian,1402,8.10,%,IR-30,Hamadan,,,-,
lf_pr_ir_une_t,Unemployment rate (Provincial) - male & female (+15) ,Statistical Center of Iran,persian,1402,7.00,%,IR-31,Yazd,,,-,
lf_pr_ir_p_t,Participation rate (Provincial) - male & female (+15) ,Statistical Center of Iran,persian,1403,42.10,%,IR-01,East Azerbaijan,,,-,
lf_pr_ir_p_t,Participation rate (Provincial) - male & female (+15) ,Statistical Center of Iran,persian,1403,41.50,%,IR-02,West Azerbaijan,,,-,
lf_pr_ir_p_t,Participation rate (Provincial) - male & female (+15) ,Statistical Center of Iran,persian,1403,46.70,%,IR-03,Ardabil,,,-,
lf_pr_ir_p_t,Participation rate (Provincial) - male & female (+15) ,Statistical Center of Iran,persian,1403,40.20,%,IR-04,Isfahan,,,-,
lf_pr_ir_p_t,Participation rate (Provincial) - male & female (+15) ,Statistical Center of Iran,persian,1403,39.20,%,IR-05,Alborz,,,-,
lf_pr_ir_p_t,Participation rate (Provincial) - male & female (+15) ,Statistical Center of Iran,persian,1403,31.90,%,IR-06,Ilam,,,-,
lf_pr_ir_p_t,Participation rate (Provincial) - male & female (+15) ,Statistical Center of Iran,persian,1403,40.20,%,IR-07,Bushehr,,,-,
lf_pr_ir_p_t,Participation rate (Provincial) - male & female (+15) ,Statistical Center of Iran,persian,1403,41.00,%,IR-08,Tehran,,,-,
lf_pr_ir_p_t,Participation rate (Provincial) - male & female (+15) ,Statistical Center of Iran,persian,1403,43.50,%,IR-09,Chaharmahal and Bakhtiari,,,-,
lf_pr_ir_p_t,Participation rate (Provincial) - male & female (+15) ,Statistical Center of Iran,persian,1403,40.20,%,IR-10,South Khorasan,,,-,
lf_pr_ir_p_t,Participation rate (Provincial) - male & female (+15) ,Statistical Center of Iran,persian,1403,43.50,%,IR-11,Razavi Khorasan,,,-,
lf_pr_ir_p_t,Participation rate (Provincial) - male & female (+15) ,Statistical Center of Iran,persian,1403,45.60,%,IR-12,North Khorasan,,,-,
lf_pr_ir_p_t,Participation rate (Provincial) - male & female (+15) ,Statistical Center of Iran,persian,1403,40.60,%,IR-13,Khuzestan,,,-,
lf_pr_ir_p_t,Participation rate (Provincial) - male & female (+15) ,Statistical Center of Iran,persian,1403,50.90,%,IR-14,Zanjan,,,-,
lf_pr_ir_p_t,Participation rate (Provincial) - male & female (+15) ,Statistical Center of Iran,persian,1403,38.10,%,IR-15,Semnan,,,-,
lf_pr_ir_p_t,Participation rate (Provincial) - male & female (+15) ,Statistical Center of Iran,persian,1403,35.80,%,IR-16,Sistan and Baluchestan,,,-,
lf_pr_ir_p_t,Participation rate (Provincial) - male & female (+15) ,Statistical Center of Iran,persian,1403,37.30,%,IR-17,Fars,,,-,
lf_pr_ir_p_t,Participation rate (Provincial) - male & female (+15) ,Statistical Center of Iran,persian,1403,43.40,%,IR-18,Qazvin,,,-,
lf_pr_ir_p_t,Participation rate (Provincial) - male & female (+15) ,Statistical Center of Iran,persian,1403,39.30,%,IR-19,Qom,,,-,
lf_pr_ir_p_t,Participation rate (Provincial) - male & female (+15) ,Statistical Center of Iran,persian,1403,43.20,%,IR-20,Kurdistan,,,-,
lf_pr_ir_p_t,Participation rate (Provincial) - male & female (+15) ,Statistical Center of Iran,persian,1403,40.30,%,IR-21,Kerman,,,-,
lf_pr_ir_p_t,Participation rate (Provincial) - male & female (+15) ,Statistical Center of Iran,persian,1403,42.40,%,IR-22,Kermanshah,,,-,
lf_pr_ir_p_t,Participation rate (Provincial) - male & female (+15) ,Statistical Center of Iran,persian,1403,32.80,%,IR-23,Kohgiluyeh and Boyer-Ahmad,,,-,
lf_pr_ir_p_t,Participation rate (Provincial) - male & female (+15) ,Statistical Center of Iran,persian,1403,39.90,%,IR-24,Golestan,,,-,
lf_pr_ir_p_t,Participation rate (Provincial) - male & female (+15) ,Statistical Center of Iran,persian,1403,43.80,%,IR-25,Gilan,,,-,
lf_pr_ir_p_t,Participation rate (Provincial) - male & female (+15) ,Statistical Center of Iran,persian,1403,41.20,%,IR-26,Lorestan,,,-,
lf_pr_ir_p_t,Participation rate (Provincial) - male & female (+15) ,Statistical Center of Iran,persian,1403,43.80,%,IR-27,Mazandaran,,,-,
lf_pr_ir_p_t,Participation rate (Provincial) - male & female (+15) ,Statistical Center of Iran,persian,1403,37.00,%,IR-28,Markazi,,,-,
lf_pr_ir_p_t,Participation rate (Provincial) - male & female (+15) ,Statistical Center of Iran,persian,1403,40.90,%,IR-29,Hormozgan,,,-,
lf_pr_ir_p_t,Participation rate (Provincial) - male & female (+15) ,Statistical Center of Iran,persian,1403,41.60,%,IR-30,Hamadan,,,-,
lf_pr_ir_p_t,Participation rate (Provincial) - male & female (+15) ,Statistical Center of Iran,persian,1403,42.00,%,IR-31,Yazd,,,-,