sub_code,sub_label_en,sub_label_fa,Column 1
Clean,Clean,پاک,
Acceptable,Acceptable,قابل قبول,
Unhealthy_l,Unhealthy for Sensitive Groups,ناسالم برای گروه‌های حساس,
Unhealthy,Unhealthy,ناسالم,
Unhealthy_h,Very Unhealthy,بسیار ناسالم,
Hazardous,Hazardous,خطرناک,
IR-AFSS,Social Security,تأمین اجتماعی نیروهای مسلح,
IR-DM,Ministry of Defense,وزارت دفاع,
IR-ARM,Army,ارتش,
IR-IRGC,IRGC,سپاه,
IR-POLICE,Police,فراجا,
IR-GSAF,General Armed Forces,ستاد کل نیروهای مسلح,
Total,Total,همه ترمینال‌ها,
Kharg,Kharg,خارک,
Jask,Jask,جاسک,
Sirri,Sirri,سیری,
Lavan,Lavan,لاوان,
Soroosh,Soroosh,سروش,
Assaluyeh,Assaluyeh,عسلویه,
Others,Others,سایر ترمینال‌ها,
Abadan,Abadan,آبادان,
Tehran,Tehran,تهران,
Isfahan,Isfahan,اصفهان,
Tabriz,Tabriz,تبریز,
Shiraz,Shiraz,شیراز,
Kermanshah,Kermanshah,کرمانشاه,
Shaz,Shazand (Arak),شازند (اراک),
Bandar Abbad,Bandar Abbad,بندرعباس,
Persian Guld Star,Persian Guld Star,ستاره خلیج فارس,
Crude oil input,Crude oil input,ورودی نفت خام,
Gas condensate input,Gas condensate input,ورودی میعانات گازی,
Non-standard Gasoline output,Non-standard Gasoline output,خروجی بنزین غیر استاندارد,
Gasoline Euro-4 output,Gasoline Euro-4 output,بنزین یورو ۴,
Gasoline Euro-5 output,Gasoline Euro-5 output,تولید بنزین یورو ۵,
Super gasoline output,Super gasoline output,خروجی بنزین سوپر,
Naphtha,Naphtha,نفتا,
Non-standard Kerosene output,Non-standard Kerosene output,خروجی نفت سفید غیر استاندارد,
Low-sulfur kerosene output,Low-sulfur kerosene output,تولید نفت سفید کم گوگرد,
Non-standard diesel output,Non-standard diesel output,خروجی دیزل غیر استاندارد,
Diesel Euro-4 output,Diesel Euro-4 output,خروجی دیزل یورو ۴,
Diesel Euro-5 output,Diesel Euro-5 output,خروجی دیزل یورو ۵,
LPG,LPG,گاز مایع,
Fuel oil (mazut) output,Fuel oil (mazut) output,خروجی ازوت,
Total output,Total output,کل خروجی,
Outfl,Outflow,جریان خروجی,
Infl,Inflow,جریان ورودی,
SHRENEW,Share of renewables,سهم انرژی‌های تجدیدپذیر,
SHLOWCAR,Share of low carbon sources,سهم منابع کم کربن,
SHCOAL,Share of coal,سهم زغال سنگ,
SHOIL,Share of oil,سهم نفت,
SHGAS,Share of gas,سهم گاز,
Ab_ref,Abadan refinery,پالایشگاه آبادان,
Teh_ref,Tehran refinery,پالایشگاه تهران,
Isf_ref,Isfahan refinery,پالایشگاه اصفهان,
Tab_ref,Tabriz refinery,پالایشگاه تبریز,
Shi_ref,Shiraz refinery,پالایشگاه شیراز,
Ker_ref,Kermanshah refinery,پالایشگاه کرمانشاه,
Lav_ref,Lavan refinery,پالایشگاه لاوان,
Sha_ref,Shazand refinery,پالایشگاه شازند,
Ban_ref,Bandar Abbad refinery,پالایشگاه بندرآباد,
Per_ref,Persian Guld Star refinery,پالایشگاه ستاره خلیج فارس,
Qes_ref,Qeshm,قشم,
Beh_ref,Behragan,بهراگان,
Asa_ref,Asalouyeh,عسلویه,
Gou_ref,Goureh,گوره,
Sir_ref,Siri and Lavan,سیری و لاوان,
0-14,0-14,۰-۱۴,
15-29,15-29,۱۵-۲۹,
30-64,30-64,۳۰-۶۴,
+60,+60,+۶۰,
+65,+65,+۶۵,
60,60800,60800,
99,99000,99000,
AMRSEZ,Amirabad Special Economic Zone,منطقه ویژه اقتصادی امیر آباد,
ANZFTZ,Anzali Free Trade Zone,منطقه آزاد تجاری انزلی,
ARD,Ardabil,اردبیل,
ARK,Arak,اراک,
ARVAB,Arvand Free Trade Zone - Abadan,منطقه آزاد تجاری اروند - آبادان,
ARVK,Arvandkenar,اروندکنار,
ARVKH,Arvand Free Trade Zone - Khorramshahr,منطقه آزاد تجاری اروند - خرمشهر,
AST,Astara,آستارا,
ASTSEZ,Astara Port Special Economic Zone,منطقه ویژه اقتصادی بندر آستارا,
AVZ,Ahvaz,اهواز,
AZNSEZ,Lorestan Special Economic Zone (AZNA),منطقه ویژه اقتصادی لرستان (ازنا),
BAHONAR,Shahid Bahonar,بندر شهید باهنر,
BAMSEZ,Bam Special Economic Zone,منطقه ویژه اقتصادی بم,
BILSV,Bileh Savar,بیله سوار,
BIMSEZ,Bandar Imam Khomeini Special Economic Zone,منطقه ویژه اقتصادی بندر امام خمینی,
BJG,Bajgiran,باجگیران,
BJN,Bojnourd,بجنورد,
BJNSEZ,Bojnourd Special Economic Zone,منطقه ویژه اقتصادی بجنورد,
BNB,Bonab,بناب,
BNDRIG,Bandar-e Rig,بندر ریگ,
BRJ,Birjand,بیرجند,
BRJSEZ,Birjand Special Economic Zone,منطقه ویژه اقتصادی بیرجند,
BSH,Bashmaq,باشماق,
BUSH1,Bushehr Special Economic Zone 1,منطقه ویژه اقتصادی بوشهر 1,
BUSH2,Bushehr Special Economic Zone 2,منطقه ویژه اقتصادی بوشهر 2,
BZR,Bazargan,بازرگان,
CHAB,Chabahar,چابهار,
CHABFTZ,Chabahar Free Trade Zone,منطقه آزاد تجاری چابهار,
CHAV,Chavibdeh,چوئبده,
CHZB,Chazabeh - Marzbostan,چذابه - مرزبستان,
CUS,Central customs,گمرک متمرکز,
DGH,Dogharoon,دوغارون,
DGHSEZ,Dogharoon Special Zone,منطقه ویژه اقتصادی دوغارون,
DYL,Daylam,دیلم,
FRD,Fereydunkenar,فریدون کنار,
GNV,Gonaveh,گناوه,
GSSEZ,Garmsar Special Economic Zone,منطقه ویژه اقتصادی گرمسار,
HAMDN,Hamedan,همدان,
HRFTZ,Hassanroud Anzali Free Trade Zone,منطقه آزاد تجاری حسن رود انزلی,
IBN,Incheh Borun,اینچه برون,
IKA,Imam Khomeini Airport,فرودگاه امام خمینی,
IKACITY,Imam Khomeini Airport City Free Zone,منطقه آزاد شهر فرودگاهی امام خمینی,
ISAR,Isfahan Airport,فرودگاه اصفهان,
ISF,Isfahan,اصفهان,
ISTEEL,Isfahan Steel Company,ذوب آهن,
JAJ,Jajarm,جاجرم,
JLFA,Jolfa,جلفا,
KHOY,Khoy,خوی,
KHRMD,Khorramabad,خرم آباد,
KISHFTZ,Kish Free Trade Zone,منطقه آزاد تجاری کیش,
KKSR,Kohak - Saravan Bz,بازارچه کوهک - سراوان,
KRM,Kerman,کرمان,
KRSH,Kermanshah,کرمانشاه,
KSHN,Kashan,کاشان,
KSRV,Khosravi,خسروی,
KVSEZ,Kaveh Special Economic Zone,منطقه ویژه اقتصادی کاوه,
LARAR,Lar Airport,فرودگاه لار,
LMSEZ,Lamerd Special Economic Zone,منطقه ویژه اقتصادی لامرد,
LNG,Port of Lengeh,بندر لنگه,
LTF,Lotfabad,لطف آباد,
MAHR,Mahirood,ماهیرود,
MHB,Mahabad,مهاباد,
MHR,Mehran,مهران,
MHRBZ,Mahirood BZ Bz,بازارچه ماهیرود,
MKSTEEL,Mobarakeh Steel Company,فولاد مبارکه,
MLK,Milak,میلک,
MLKBZ,Milak bazar Bz,بازارچه میلک,
MLR,Malayer,ملایر,
MRGH,Maragheh,مراغه,
MRJ,Mirjaveh,میرجاوه,
MRJBZ,Mirjaveh Bz,بازارچه میرجاوه,
MSHD,Mashhad,مشهد,
NOSSEZ,Nowshahr Special Economic Zone,منطقه ویژه اقتصادی نوشهر,
NRDZ,Nordoz,نوردوز,
OTHC,Other Customs,سایر گمرک‌ها,
PAYAM,Payam Special Economic Zone,منطقه ویژه اقتصادی پیام,
PETSEZ,Bandar Imam Khomeini Petrochemical Special Economic Zone,منطقه ویژه پتروشیمی بندر امام,
PGSMZ,Persian Gulf Special Zone for Mineral and Metal Industries,منطقه ویژه معادن و فلزات,
PLD,Poldasht,پلدشت,
PRSSEZ,Pars Energy Special Economic Zone,منطقه ویژه اقتصادی انرژی پارس,
PRZ,Parviz Khan,پرویزخان,
PSHN,Pishin,پیشین,
PSHN‌BZ,Pishin BZ,بازارچه پیشین,
QOM,Qom,قم,
QSHMFTZ,Qeshm Free Trade Zone,منطقه آزاد تجاری قشم,
QZV,Qazvin,قزوین,
RAJASEZ,Shahid Rajaee Special Economic Zone,منطقه ویژه اقتصادی شهید رجایی,
RAZI,Razi,رازی,
RFJSEZ,Rafsanjan Special Economic Zone,منطقه ویژه اقتصادی رفسنجان,
RMD,Rimdan,ریمدان,
RMDBZ,Rimdan Bz,بازارچه مرزی ریمدان,
SAHSEZ,Sahlan Special Economic Zone,منطقه ویژه اقتصادی سهلان,
SARV,Sarv,سرو,
SAVEH,Saveh,ساوه,
SHIRSEZ,Shiraz Special Economic Zone,منطقه ویژه اقتصادی شیراز,
SHKORD,Shahrekord,شهرکرد,
SHLMCH,Shalamcheh,شلمچه,
SHRZAR,Shiraz Airport,فرودگاه شیراز,
SIRSEZ,Sirjan Special Economic Zone,منطقه ویژه اقتصادی سیرجان,
SJAF,Sajafi,سجافی,
SLFSEZ,Salafchegan Special Economic Zone,منطقه ویژه اقتصادی سلفچگان,
SMN,Semnan,سمنان,
SNJ,Sanandaj,سنندج,
SRDK,Sardasht Kileh Bz,بازارچه کیله سردشت,
SRI,Sari,ساری,
SRKS,Sarakhs Special Economic Zone,منطقه ویژه اقتصادی سرخس,
TBRZ,Tabriz,تبریز,
TMCH,Tamarchin Piranshahr,تمرچین پیرانشهر,
TRN,Tehran,تهران,
URM,Urmia,ارومیه,
WTEH,West Tehran,غرب تهران,
YSJ,Yasuj,یاسوج,
YZD,Yazd,یزد,
YZDSEZ,Yazd Special Economic Zone,منطقه ویژه اقتصادی یزد,
ZARSEZ,Iranian Special Economic Zone (Zarandieh),منطقه ویژه اقتصادی ایرانیان (زرندیه),
ZHD,Zahedan,زاهدان,
ZNJ,Zanjan,زنجان,
POST3,Post (area #3),حوزه ۳ امانات پستی,
SUMAR,Sumar,سومار,
SIRIK,Sirik,سیریک,
PARSIAN,Parsian Energy Special Economic Zone,منطقه ویژه اقتصادی انرژی پارسیان,
JAHROM,Jahrom Special Economic Zone,منطقه ویژه اقتصادی جهرم,
KAZERUN,Kazerun Special Economic Zone,منطقه ویژه اقتصادی کازرون,
COVID,COVID-19,کووید-۱۹,
ISCHA,Ischaemic heart disease,بیماری ایسکمیک قلب,
STROK,Stroke,سکته مغزی,
ROAD ,Road injury,آسیب‌های ترافیکی,
HYPER,Hypertensive heart disease,بیماری قلبی ناشی از فشار خون بالا,
STOMA,Stomach cancer,سرطان معده,
DIABE,Diabetes mellitus,دیابت ملیتوس,
KIDND,Kidney diseases,بیماری‌های کلیوی,
ALZHE,Alzheimer disease and other dementias,بیماری آلزایمر و سایر زوال‌های عقل,
TRACC,"Trachea, bronchus, lung cancers",سرطان‌های نای، برونش و ریه,
CHRON,Chronic obstructive pulmonary disease,بیماری مزمن انسدادی ریه,
LOWER,Lower respiratory infections,عفونت‌های دستگاه تنفسی تحتانی,
COLON,Colon and rectum cancers,سرطان‌های کولون و رکتوم,
BRAIN,Brain and nervous system cancers,سرطان‌های مغز و سیستم عصبی مرکزی,
LIVER,Liver cancer,سرطان کبد,
CONGE,Congenital anomalies,ناهنجاری‌های مادرزادی,
BREAS,Breast cancer,سرطان پستان,
CIRRH,Cirrhosis of the liver,سیروز کبدی,
LEUKA,Leukaemia,لوسمی,
PRETE,Preterm birth complications,عوارض زایمان زودرس,
PROSTC,Prostate cancer,سرطان پروستات,
LYMPM,"Lymphomas, multiple myeloma",لنفوم‌ها و میلوما چندگانه,
SELF,Self-harm,خودآزاری,
OESOP,Oesophagus cancer,سرطان مری,
PANCRC,Pancreas cancer,سرطان پانکراس,
DRUG ,Drug use disorders,اختلالات مصرف مواد,
ASTHM,Asthma,آسم,
INTER,Interpersonal violence,خشونت بین‌فردی,
HIV/A,HIV/AIDS,اچ‌آی‌وی/ایدز,
FALLS,Falls,سقوط‌ها,
EXPOS,Exposure to mechanical forces,قرار گرفتن در معرض نیروهای مکانیکی,
BLADD,Bladder cancer,سرطان مثانه,
LARYN,Larynx cancer,سرطان حنجره,
PARKI,Parkinson disease,بیماری پارکینسون,
BIRTH,Birth asphyxia and birth trauma,آسفیکسی هنگام تولد و تروماهای زایمانی,
"FIRE,","Fire, heat and hot substances",آتش، گرما و مواد داغ,
OVARY,Ovary cancer,سرطان تخمدان,
CARDI,"Cardiomyopathy, myocarditis, endocarditis",کاردیومیوپاتی، میوکاردیت، اندوکاردیت,
PEPTI,Peptic ulcer disease,بیماری زخم پپتیک,
TUBER,Tuberculosis,سل,
RHEUMD,Rheumatic heart disease,بیماری روماتیسمی قلب,
MOUTH,Mouth and oropharynx cancers,سرطان‌های دهان و اوروفارنکس,
COLLE,Collective violence and legal intervention,خشونت جمعی و مداخلات قانونی,
KIDNC,Kidney cancer,سرطان کلیه,
MELAN,Melanoma and other skin cancers,ملانوما و سایر سرطان‌های پوست,
CERVI,Cervix uteri cancer,سرطان دهانه رحم,
DROWN,Drowning,غرق‌شدگی,
CORPU,Corpus uteri cancer,سرطان جسم رحم,
EPILE,Epilepsy,صرع,
POISO,Poisonings,مسمومیت‌ها,
NEONA,Neonatal sepsis and infections,سپسیس و عفونت‌های نوزادی,
GALLB_1,Gallbladder and biliary diseases,بیماری‌های کیسه صفرا و مجاری صفراوی,
THYRO,Thyroid cancer,سرطان تیروئید,
DIARR,Diarrhoeal diseases,بیماری‌های اسهالی,
GALLB_2,Gallbladder and biliary tract cancer,سرطان کیسه صفرا و مجاری صفراوی,
SKIN ,Skin diseases,بیماری‌های پوستی,
MENIN,Meningitis,مننژیت,
ACUTEB,Acute hepatitis B,هپاتیت حاد B,
MATER,Maternal conditions,اختلالات مرتبط با بارداری و زایمان,
MULTI,Multiple sclerosis,اسکلروز چندگانه,
PARAL,Paralytic ileus and intestinal obstruction,ایلئوس پارالیتیک و انسداد روده,
PANCR,Pancreatitis,پانکراتیت,
ENCEP,Encephalitis,آنسفالیت,
SICKL,Sickle cell disorders and trait,اختلالات و صفت سلول داسی‌شکل,
SYPHI,Syphilis,سیفلیس,
ALCOH,Alcohol use disorders,اختلالات مصرف الکل,
PROTES,Protein-energy malnutrition,سوءتغذیه پروتئین-انرژی,
TESTI,Testicular cancer,سرطان بیضه,
APPEN,Appendicitis,آپاندیسیت,
SUDDE,Sudden infant death syndrome,سندرم مرگ ناگهانی نوزادان,
UROLI,Urolithiasis,سنگ‌های ادراری,
TETAN,Tetanus,کزاز,
INFLA,Inflammatory bowel disease,بیماری التهابی روده,
GASTR,Gastritis and duodenitis,گاستریت و دئودنیت,
MESOT,Mesothelioma,مزوتلیوما,
RHEUMA,Rheumatoid arthritis,آرتریت روماتوئید,
THALA,Thalassaemias,تالاسمی‌ها,
WHOOP,Whooping cough,سیاه‌سرفه,
ACUTEA,Acute hepatitis A,هپاتیت حاد A,
GYNEC,Gynecological diseases,بیماری‌های زنان,
NATUR,Natural disasters,بلایای طبیعی,
ECHIN,Echinococcosis,اکینوکوکوزیس,
LEISH,Leishmaniasis,لیشمانیوز,
MEASL,Measles,سرخک,
ACUTEE,Acute hepatitis E,هپاتیت حاد E,
ACUTEC,Acute hepatitis C,هپاتیت حاد C,
AFRIC,African trypanosomiasis,تریپانوزومیازیس آفریقایی,
ANXIE,Anxiety disorders,اختلالات اضطرابی,
ASCAR,Ascariasis,آسکاریازیس,
AUTIS,Autism and Asperger syndrome,اوتیسم و سندرم آسپرگر,
BACK ,Back and neck pain,درد کمر و گردن,
BENIG,Benign prostatic hyperplasia,هیپرپلازی خوش‌خیم پروستات,
BIPOL,Bipolar disorder,اختلال دوقطبی,
CATAR,Cataracts,آب مروارید,
CHAGA,Chagas disease,بیماری شاگاس,
CHILD,Childhood behavioural disorders,اختلالات رفتاری دوران کودکی,
CHLAM,Chlamydia,کلامیدیا,
CYSTI,Cysticercosis,سیستی‌سرکوزیس,
DENGU,Dengue,تب دنگی,
DEPRE,Depressive disorders,اختلالات افسردگی,
DIPHT,Diphtheria,دیفتری,
EATIN,Eating disorders,اختلالات خوردن,
FOOD-,Food-borne trematodes,ترماتودهای منتقله از غذا,
GENIT,Genital herpes,تبخال تناسلی,
GLAUC,Glaucoma,گلوکوم (آب سیاه),
GONOR,Gonorrhoea,سوزاک,
GOUT,Gout,نقرس,
HOOKW,Hookworm disease,بیماری کرم قلابدار,
IDIOP,Idiopathic intellectual disability,ناتوانی ذهنی ایدیوپاتیک,
INFER,Infertility,ناباروری,
IODIN,Iodine deficiency,کمبود ید,
IRON,Iron-deficiency anaemia,کم‌خونی فقر آهن,
LEPRO,Leprosy,جذام,
LYMPF,Lymphatic filariasis,فیلاریازیس لنفاوی,
MACUL,Macular degeneration,دژنراسیون ماکولا,
MALAR,Malaria,مالاریا,
MIGRA,Migraine,میگرن,
NON-M,Non-migraine headache,سردردهای غیرمیگرنی,
ONCHO,Onchocerciasis,انکوسرکیازیس,
ORAL ,Oral conditions,بیماری‌های دهان و دندان,
OSTEO,Osteoarthritis,آرتروز,
VISL,Other vision loss,سایر اختلالات بینایی,
OTHER,Other hearing loss,سایر اختلالات شنوایی,
HEAR,Otitis media,اوتیت میانی,
RABIE,Rabies,هاری,
SCHIS,Schistosomiasis,شیستوزومیازیس,
SCHIZ,Schizophrenia,اسکیزوفرنی,
TRACH,Trachoma,تراخم,
TRICH,Trichomoniasis,تریکومونیازیس,
TRICHU,Trichuriasis,تریکوریازیس,
UNCOR,Uncorrected refractive errors,عیوب انکساری اصلاح‌نشده,
UPPER,Upper respiratory infections,عفونت‌های دستگاه تنفسی فوقانی,
VITAM,Vitamin A deficiency,کمبود ویتامین A,
YELLO,Yellow fever,تب زرد,
EDU_MED,Medical Sciences,پزشکی,
EDU_HUM,Humanities,علوم انسانی,
EDU_BAS,Basic Sciences,علوم پایه,
EDU_ENG,Engineering and Technology,فنی و مهندسی,
EDU_AGR,Agriculture and Veterinary Sciences,کشاورزی و دامپزشکی,
EDU_ART,Art,هنر,
EDU_ASS,Associate Degree,کاردانی (فوق دیپلم),
EDU_BAC,Bachelor's Degree,کارشناسی (لیسانس),
EDU_MAS,Master's Degree,کارشناسی ارشد (فوق لیسانس),
EDU_PRO,Professional Doctorate,دکترای حرفه‌ای,
EDU_PHD,PhD / Doctorate,دکترای تخصصی,
EDU_FAC_PRO,Professor,استاد,
EDU_FAC_ASO,Associate Professor,دانشیار,
EDU_FAC_ASI,Assistant Professor,استادیار,
EDU_FAC_INS,Instructor,مربی,
EDU_FAC_ASIN,Assistant Instructor,مربی آموزشیار,
EDU_FAC_NON,Non-faculty instructors,آموزشگران دانشگاهی غیر هیات علمی,